570;386360;252950;339280;504370;730;444090;310380;427270;235340;236110;444640;366440;438680;6370
730;570;10;440;393380;107410;33930;222880;359550;240;242860;291480;218620;63380;273350;24240;444090;227940;272350;219640;333930;209650;394230;504370;339610;299360;271290;218230;282350;210770;238090;310380;322500;104900;326460;369200;220260;70000;236370;223100;342200;209080;246620;286940;24960;228400;466910;242720;245490;2400;300080;300;400370;65790;334230;424830;203290;308000;366440;4920;307350;298240;115300;500;360640;360650;370770;42700;262410;10180;342580;209870;449220;270150;267980;371390;265590;6000;485220;209160;454930;200170;202970;7940;486360;504980;313990;34870;305260
377160;9200;234140;22370;22300;22380;241540;8980;8870;43110;409710;257510;286690;264240;7670;287390;17460;233270;19900;409720
271590;8190;307690;55230;12210;12220;12120;301910;9480;225540;365590;287700;63380;230410;243470;206420;234140;208650;220240;272350;298110;371660;219640;227700;236870;241560;224600;234630;203160;201790;44350;370240;282350;244210;238090;47890;208090;311340;20500;382120;50130;104900;113400;6060;203140;220260;235600;259080;202170;314160;204100;246620;24010;228400;255220;302510;29800;242720;47870;385830;110800;244930;310560;245490;2400;400370;334230;250340;292410;48720;424830;318220;308000;320300;50300;375900;204450;12200;214190;267550;115320;307350;65930;362610;360640;360650;370770;338180;262410;383560;342580;232910;19900;449220;416170;394690;447850;371390;24740;454930;317360;486360;102600;504980;313990;357900;9930;212630;11020;203750;293540;339470;212480;55150
275850;264710;359320;242760;383120;2870;313120;290300;305620;24720
550;10090;238430;355180;239140;232090;349700;500;1250;224260;235540;274940;301640;383150;9200;251170
105600;237870;238240;374040;211820;346110;383120;280520;413150;322330;219740;382120;298630;424830;264140;477290;268750;307350;391730;383560;268240;317470;371390;364420
268500;223830;65980;200510;243970;276810
374320;40390;335300;265300;249230;292030;7520;243930;211420;236430;40300;367500
365590;316390;271590;224600;234140;63380;243470;235600
364360;214950;216890;4700;15620;4760;226840;34030;10500;276810;325610;4580;235540;201270;56437;236690;321960;297000;48220;243950
440;730;299360;271290;265630;359550;333930;394230;291480;209080
252950;570;212480;261180;407250;207140;296470;378120;385760;238460;241560;339610;44350;370240;282350;204300;253030;238370;456610;335240;220260;113020;375960;255220;466910;42910;47870;278080;385730;245490;431240;400370;334230;255480;424830;94400;308000;375900;271570;307350;341800;362610;306350;232910;449220;239450;366760;272890;371390;24740;454930;200170;504980;233840;11020;407120;22230
292030;374320;249230;17450;288470;20900;40390;204030;265300;20920;367500;40300;72850;236430;335300;211420;330840;243930;17460;22330;7520;474750
287700;33230;311560;271590;368500;203140;311340;243470;12120;24980;236870;204100;50300
72850;102500;40300;265300;22330;292030;367500;48700;48720;243950
211820;105600;237870;383120;374040;238240;280520;413150;382120;298630;424830;264140;477290;268750;307350;391730;383560;268240;371390;329130
8930;4760;3910;226860;4700;65980;226840;289130;214950;236850;203770;201270;375450;208140;203630;228260;378720;4780
65980;268500;8930;226860;281990;289130;226840;208140;200510;298050;204880;252450;203630;282210;228260;378720;245370;368750;261470;3910
346110;105600;280790;237870;366220;374040;317470;290080;407530;252490;4000;304050;244850;322330;251570;427520;294100;371660;393420;264710;47890;383120;332500;313120;104900;70000;278970;387990;361800;360170;344040;400370;250340;307880;297810;289950;391730;280520;383560;454930;504980;322920
378120;252950;407120;407250;456610;375960;322850;408760;370090;366760;255260
218620;202970;113020;272350;34870;222880;24240;730;212630;359550;235600
236430;374320;40390;335300;265300;249230;292030;7520;367500;211420;40300;243930
4000;252490;250340;47890;265630;225840;346110;265930;387990;259080;224540;313160;620;220260;246620;317400;286160;248570;2400;320300;41070;477290;289090;233720;262410;427730;367450;296470;246900
63380;365590;238090;271590;34870;227940;730;301640;235600;322500;212630
250900;239350;247080;248820;311690;113200;249050
281990;65980;2870;204880;226860;261470;236850;2820;208140;244160;203770;281610;47890;17390;233250;280220;32470;245370;42960;24720;9420
261640;49520;620;9200;238370;236370;8980;104900;438640;49540;394230;385830;41070;233270;99810
49520;261640;99810;9200;224600;238370;215530;8980;301910;394230
230410;271590;9900;224600;272350;209870;242720;227700;369200;319150;208090;339600;504490;214190;212070;368750
363970;492800;493370;393530;385770;402840;462930;346900;383080;335240;452780;389570;466910;380360;289090;361190;329110;351470;482920;375460;485220;414730;346120
252490;346110;4000;344760;304930;366220;393420;108600;242760;221100;251570;299740;301520;220240;298110;437220;224540;280790;407530;278970;387990;361800;250340;307880;383560;19900;454930;287920;504980
413150;24010;248390;105600;220260;211820;253250;313340;487220;253650;375950;280320
311210;42700;209870;337000;209650;355180;232090;17300;362890;201810;203750
304930;252490;316390;299740;337950;349700;355840;295110;239140;220240;298110;371660;393420;437220;224540;250400;302830;223100;407530;286940;278970;391460;360170;108600;433350;500;51100;19900;329430;9200;317360
255710;304730;233450;245620;57690;2700;313010;24780;48240;313160;239820;428690;375910;47890;282560;23490;360640;360650;273770;341000;289930;33350
304050;280790;317470;237870;263540;374040;297810;290080;346110;304030;301520;306130;361800;200210;215280;212500;298160
107410;730;393380;33930;203290;222880;242860;65790;10;359550;240;236390;48700;313160;35450;291480;220260;314160;209080;246620;24960;24010;228400;300;424830;4920;307350;289950;369040;262410;10180;19900;270150;447820;209160;504980;313990;34870;248610
372000;290140;258700;268420;261430;495910;99900;215080;356330;39210;253490
337000;311210;228300;8870;203750;17300;233270;238010;201810;237930;409710;264240;91700;409720
273350;359550;730;291480;10680;49540;24240;394230;500;299360;210770;504490;4920
24240;218620;273350;202970;113020;34870;222880;359550;730;500;104900;393380;235600
241930;40390;102500;32800;242640;204030;40300;249230;33230;367500;265300;289650;242050;208480;302510;388410;243930;311560;115320;48190;201870;15100;10150
444090;570;316390;382850;265630;730;349700;339280;253710;390670;291480;235340;394230;299360;427270;369200;207230;366440;277950
243470;365590;287700;8190;271590;12210;12220;12120;301910;20500;235600;234140;225540;311340;307690;212630
239140;550;238430;355180;232090;349700;251570;304930;235540;322330;1250;437220;265550;247730;250400;242760;301640;360170;383150;115320;352460;329430;504980
221100;252490;251570;226700;299740;247730;337950;238430;355840;295110;433850;241540;108600;383560;329430;394690
391220;242050;33230;203160;35140
10;730;107410;300;222880;359550;24960;240;282440;500
379720;208200;201810;298600;233130;283390;397980;13520
291650;228280;346940;325600;230230;300550;257350;32370;17450
394360;64000;25890;244450;236850;34030;42960;10500;231430;214950;325610;203770;363150;375450;4700;105450;251060;318020;222750;270150;392470
295110;304930;221100;316390;226700;299740;247730;337950;349700;251570;433850;241540;250400;305620;108600
206420;313690;271590;265550;55230;301910;9480;225540;405310;410320
359550;730;440;218620;273350;24240;10;393380;107410;222880;24960;242860;35450;500;240;236370;209080;4920
214950;364360;4700;333420;394360;4760;8930;34030;10500;325610;363150;201270;375450;227520;4780;392470
238960;442080;239220;99900;258700;215530;200710;109600;226320;219990;236110;258970;380600;65800;302270;239070;246280;247950;32800;272470;345180;454930
240;730;10;393380;33930;107410;222880;359550;24960;242860;35450;209080;4920;10180;7940
236390;393380;107410;300;244450;227940;390670;35450;286940;231430;326460;314160;228400;227520;214420;338540
234140;377160;365590;50130;9200;271590;22370;22300;243470;12220;12120;241540;22380;202170
227300;244210;313160;270880;24010;284160;9930;263280;220260;252530;324310
48700;344760;107410;33930;311310;290080;307880;72850;203770;333950;48720;375450;430440
48000;15700;338050;388420;211400;318430;204240
208650;313690;200260;110800;24200;35140;271590;242700;209000;267550
367500;374320;292030;72850;236430;241930;40390;102500;335300;40300;249230;211420;265300;17450;22330;20900;288470;243930;204030;7520;12810
301520;280790;317470;214190;393420;299360;304050;342200;252490;214420;293540;506140;285920;449140;313990
325610;364360;214950;4700;394360;4760;34030;10500;244450;221380;203770;201270;232890;302510;227520;300080;4780
235540;32800;364360;355180;550;239140;232090;49540;55150
389430;442080;258700;261430;268420;376570;109600;339280;39120;290140;287920;389570;506140;227520;200210;368750;290730;336520
236850;281990;394360;3910;4700;25890;333420;8930;203770;42960;392470
232090;550;311210;239140;235540;238430;274940;355180;500;1250;224260;10090;287290;21690;383150;352460;222480;202970;208200;10680;251170;49540
433850;221100;226700;299740;247730;337950;349700;238430;355840;295110;375230;400370;416170;454930;504980
244850;237870;383120;285920;346110;387990;333950;238240;346010;332500;20500;252470;289950;268650
386360;570;504370;339280;246280;207230;310380;427270;235340;339610;466910;444640;277950;6370
225540;271590;206420;8190;332310;12210;243470;265930;12120;301910;20500;259080;55230;346010;9480;12200;12220
220240;322920;271590;298110;223100;13520;252490;253710;19900;304930;10680;371660;2400
346900;363970;492800;426000;393530;385770;459820;402840;462930;383080;239820;428690;452780;493370;380360;70400;247020;361280;414730
323470;442080;109600;356330;278080;349040;418340;234670;24200;331600;272510;385730;240460;243950;322520
200510;268500;223830;65980;243970;48220
230230;291650;228280;346940;435150;240760;300550;234650;373420;257350;321960;325600;281640
227940;63380;236390;203290;286940;730;218230;342200;51100;390670;35450;391460;291480;375450;369200;70000;265630;227520;300;298240;262410;338540;382850;270150;447820;305260
322330;383120;239140;108600;242760;268750;219740;307880;346110;105600;251570;265550;282070;246620;298630;383560;427730
33930;730;107410;240;48700;393380;222880;242860;65790;24960;300;270150
272350;218620;230410;271590;227700;730;218230;51100;369200;293540;291480;333930;235600;209870;382850;202970;212630
270880;227300;50130;313160;289950;241560;24010;284160;9930;263280;220260;252530
220200;2870;236150;403190;17390;367450;329130
221380;287450;4700;105450;232890;4570;266840;333420;325610;375450;47410;354640;17480;336510;33350
274170;219150;40800;397980;204630
212680;249050;364420;239350;234390;113200;248820
236110;65800;238960;570;246280;239220;339280;302270;226320;235340;427270;201790;210770;335240;389570;466910;444640;246420;214360;306020;438680;482920;357780;12710;221540;102600;305260
313160;227300;270880;4000;324310;24010;107410;220260;9930;263280;255710;286160;313010;284160;289950;252530
261030;339340;287290;319630;429570;330840;250320;207610;330830;376870;237850
240760;230230;346940;300550;234650;239840;268870;237990;223830;38400
319630;261030;429570;330830;237850;330840;207610;421050
359320;275850;8500;2870;404410;236150;2820;290300;17390;212070;24720;201310
244160;281990;287450;6000;32470;333420;266840;204880;281610;245370
383870;210970;258520;221910
207140;252950;261180;245490;94400;204300;312530;424830;362610;306350;414920;242550;296470;212480
442080;238960;389430;323470;258700;261430;212500;376570;356330;109600;39120;332070;39210;438040;226320;306130;304030;9900;113400;207230;24200;290140;240460;295550;298160
298110;220240;322920;271590;223100;13520;252490;253710;19900;304930;10680;371660;235600;286690;2400;287390;115300
205100;8870;242640;238010;239160;368500;7670;2400
231430;394360;236390;64000;244450;25890;105450;326460;318020;222750;305260
219740;322330;264710;234390;294100;268750;242760;105600;282070
35450;359550;240;236390;227940;393380;107410;300;244450;242860;222880;447820
251570;252490;239140;221100;295110;322330;374040;108600;237870;346110;265550;344760;247730;224540;241540;250400;242760;280790;278970;360170;250340;307880;280520;383560;239840;329430;317470;378100;454930;486360;504980
427520;356040;264710;233450;294100;346110;403190;332500;24010;304730;230190
55230;271590;206420;8190;265550;12220;12120;301910;9480;225540;113400
233450;255710;427520;304730;239820;294100;57690;403190;48240;23490;245470;344850;423580;313010;2700;24780;496460;341000;33350;248610
204360;278080;42910;291550;314410;247950;238460;242550;238370;113020;331670;249990;397460;296470
222880;730;218620;107410;24240;10;359550;240;33930;393380;242860;35450;236370;209080;24960;4920;10180;447820;209160
307780;45760;242700;261180;311730;310950;237110;245170;376300;424280
219990;238960;200710;215530;272470;225640;335300;239220;345180
294100;219740;427520;233450;356040;383120;346110;403190;239820;282070;47890;332500;282560;246620;248390;423580;230190;264140;477290;289950;2700;280520;247020;361280;257170;313990;329130
385760;244210;391040;252950;232910;339610;370240;282350;255480;408760;272890;255260
262060;276810;296050;317820
371660;220240;298110;322920;271590;264710;242760;253710;346110;19900;304930;10680
310950;307780;45760;242700;261180;376300;245170;237110;311730;383980;411370;388750
2870;281990;220200;359320;290300;236150;275850;2820;8500;404410;294020;261470;201310
238460;204360;42910;312990;242550;252950;620;204300;335240;382120;113020;35720;205230;424830;206190;477290;271570;307350;341800;292620;487220;449220;453980;268240;239450;447850;371390;356200;35700;444480;386420;339470
316010;255420;291410;256410;257730;205890;213850;410380;232450;305260
250320;261030;110800;330840;207610;330830
255420;316010;256410;257730;205890;213850;410380
291480;730;440;273350;444090;272350;393380;10180;107410;203290;227940;286940;218230;342200;51100;333930;299360;225840;369200;209080;390670;433350;500;42700;209870;209160;202970
311690;250900;242680;247080;248820;343100;314410;269210;434650;414580;302010
219640;437220;271590;504370;333930;730;274940;225600
245620;255710;375910;232890;57690;23490;310470;39680;48240;363150;245470;262280;313010;24780;42960;33350
213670;353270;265610;11450;224060;223470;12810;12200;221260
227700;230410;272350;113400;271590;224600;355840;298240;218230;337950;293540;259080;242720;375230;319150;382850
393420;252490;301520;280790;304930;366220;299740;346110;387990;344760;437220;224540;278970;214420;250340;307880;285920
359870;39140;372360;292140;39150;251150;292120;345350;377840;351970;294860;435150;256290;282900;347830;441830;351710;23310;253940
344760;252490;48700;366220;290080;307880;237870;251570;393420;333950;327070
333930;440;219640;299360;355840;382850;730;337950;218230;272350;291480;391460;394230;504370;369200;209080;242720
1250;550;232090;10090;355180;239140;224260;238430;500;274940;383150
437220;219640;304930;299740;337950;239140;349700;252490;393420;355840
20920;292030;17450;335300;20900;242640;204030;249230;330840;265300;312780
291550;204360;261180;424280;383980;204300;312990;94400;249990
258970;200710;99900;249990;238960;215530;272470;239070;247950
209650;311210;209160;10180;209870;202970;730;218230;7940;203290;302510
236870;287700;33230;311560;271590;368500;203140;311340;15100;201870;289650;48190;50130;202170;65930
241560;270880;24740;47870;310560;271590;44350;321040;252950;12220;9930;263280;292410;320300
289650;236870;311560;241930;208480;242050;242640;33230;201870;368500;15100;48190;235600
335300;374320;236430;367500;20920;40390;219990;265300;249230;7520;243930;211420;292030
394230;440;261640;49520;273350;99810;333930;730;8980;444090;299360;366440
201810;8870;350080;311210;10680;379720;337000
203770;48700;236850;394360;4700;310470;8930;281990;333420;42960;325610;4780;363150;245470;48720;392470;39680
39210;442080;258700;261430;306130;212500;215080;39120;268420;438040;372000;345350
363150;105450;214950;333420;245620;203770;266840;48720;394360
504370;570;386360;219640;333930;730;94400;6370;207230;310380;339610;370240;282350;272510;208090;237110;220260;228400;466910;302510;225600;242720;248570;385730;245490;400370;240460;334230;424830;308000;298520;307350;370770;247020;264200;449220;416170;265750;417910;371390;454930;486360;504980;313990;11020
265550;206420;322330;251570;55230;222480;250400;239140;329430;287290;360170;301910;115320
224600;365590;49520;230410;227700;316390;271590;355840;337950;293540;349700;218230;8980;504490;9200;317360
211420;374320;236430;367500;335300;40390;40300;265300;292030;7520;243930
8870;337000;205100;201810;238010;350080;377160;7670;220;290930;204450;17410;409720;504980
226840;364360;8930;65980;228260;378720;297000;232050;289130;226860;321960;203630;48220;435150;281640;290340;289520
266840;221380;244160;363150;287450;105450;9450;4580;333420;232890;375450;281610;297000
247730;221100;295110;433850;251570;226700;299740;337950;239140;238430;355840;241540;224260;383150;352460;316390
274940;232090;219640;322920;238430;550;1250;10680
57690;255710;233450;245620;375910;23490;310470;24780;39680;48240;239820;282560;304730;245470;313010;2700
224540;4000;299360;393420;252490;251570;302830;304930;385830;250340
391540;335670;331470;376870
289130;8930;65980;226840;228260;378720;226860;232050;208140;321960;203630;48220;98200;286120;238910;290340;289520
22370;377160;234140;9200;8980;22300;22380;22330
234630;244210;310560;271590;226580;284160;255220;44350;9930;263280;47870;370240;223670;282350;391040;244930;286570;320300;306350;324310;8600
339610;385760;386360;730;407250;504370;252950;370240;282350;506140;240460;255480
620;261640;4000;35700;32440;400;238460;438640;17410;8980;317400;427730
213850;316010;255420;256410;257730;410380;293260;236690;205890;290340
265930;4000;225540;332310;284160;387990;346010;20500;8190;286160
241540;377160;234140;329430;226700;108600;247730;221100;301640;251570;295110;360170;22300;239840;356040;257170
203160;391220;271590;24980;204100;203140;302510;50300
244450;394360;236390;325610;231430;35450;222750;64000;251060;34030;447820
351970;372360;292140;359870;340170;345350;377840;272510;349040;441830
109600;238960;389430;323470;442080;258700;261430;9900;376570;356330;39120;304030;212500;438040;306130;113400;24200;290140;215280;332070;295550
201270;214950;4700;364360;4760;333420;8930;34030;10500;325610;4780
201790;236110;65800;210770;271590;302270;306020;102600;427270;29800;42910;11450;246420;214360;296490;299260;12710;22230
438040;39210;442080;109600;261430;212500;263540;376570;9900;339280;39120;235340;506140;215080;47410;300080;430440;487220;453980;482920;447850;290730;339470;298160
242920;253250;232890;403190;496460;33350;39680
407510;258700;268420;495910;99900;295550;277950;226320;207230
44350;241560;234630;24740;271590;321040;212480;252950;223670;255220;9930;370240;282350;244210;391040;47870;310560;286570;226580;240460;292410;375900;306350;232910;324310;8600
370240;385760;339610;234630;271590;44350;504370;252950;255220;282350;255480
43110;287390;286690;377160;409710;239160;7670;9200
363680;216890;9450;15620;4570;242570;20570;4580;56437
250400;265550;108600;239140;349700;251570;295110;360170;304930;221040;278080
383080;363970;346900;492800;426000;459820;393530;452780;402840;493370;462930;414730
10500;364360;394360;214950;325610;201270;4700;333420;4760;34030;4780
226320;238960;236110;407510;442080;239220;99900;246280;24200;339280;207230;9900;258700
330830;261030;319630;250320;376870;207610;237850;429570;232790;330840
299360;440;301520;333930;224540;273350;730;218230;214420;444090;394230;291480
306130;39210;442080;304050;356330;212500;40300;109600;39120;304030;22330;215280;7520
214490;268050;238320;287390;286690;10680;49540
242760;275850;252490;322330;219740;371660;305620;264710;313120;239140;251570;344040;307880;383560;378100;454930;486360
223670;44350;234630;310560;232910;321040;226580;255220;9930;391040;375900;8600
271290;440;209870;730;218230;342200;369200;293540;338180;267920
407250;252950;378120;339610;407120;456610;375960;255480
20900;292030;20920;288470;249230;204030;330840;367500;265300;17450;40390
218230;227940;272350;291480;227700;333930;209650;299360;271290;224600;382850;730;342200;51100;369200;310380;286940;298240;209870;6000;202970
292120;359870;39140;228300;292140;39150;251150;345350;340170;23310;377840;24980;441830
377840;359870;351970;292120;39140;372360;39150;251150;373420;435150;340170;345350;347830;292140;441830;351710;23310;253940;265610
282350;385760;339610;370240;234630;255220;271590;730;44350;504370;435150;252950;385730;240460;255480
113200;250900;212680;249050;239350;234390;248820;384490;467960;242680
209000;208650;313690;242700;24200;200260;35140;267550;224060
265300;374320;292030;72850;236430;241930;367500;20920;335300;211420;20900;40390;249230;7520;40300;243930;102500;288470;257850;388410;204030;107100;32800
249230;374320;292030;236430;241930;367500;20920;335300;20900;265300;40390;204030;40300;102500;288470;22330;12810
290080;346110;304050;48700;344760;237870;383120;263540;366220;374040;317470;307880;333950;280790;361800;297810;430440;280520;474750;327070;287920
242050;391220;289650;33230;311560;241930;208480;40390;201870;368500;15100;48190;311310;326410;512470;3920
427270;570;386360;236110;201790;9900;339280;277950;444090;376570;235340;239220;389570;65800;302270;444640;246280;438680;6370;102600;336520;305260
239820;233450;57690;304730;245470;294100;346900;255710;344850;247020;273770;341000;361280;289930
238430;550;239140;221100;232090;433850;1250;247730;274940;355180;500;224260;349700;226700;352460;251170
282070;274290;305620;219740;294100;298630;322330;356040;211400;246620;496300
373420;230230;228280;325600;257350;435150;377840;365360;238750
428690;426000;47890;435150;433340;346900;255710;431240;262280;331670;327030;247020;487220;453980;385240;363620;394690;447850;339470
264710;275850;219740;427520;371660;242760;346110;313120;332500;305620;486360
210770;201790;65800;202970;236110;273350;730;302270;49540;214360;306020;275670;221540;102600
375450;214950;105450;221380;394360;242860;227940;8930;48700;333420;266840;4700
12210;271590;243470;225540;50130;8190;12220;12120;301910;307690;20500;259080;202170;9480;318220
375910;245620;57690;24780;255710;403190;310470;271240;48240;281610;33350
239220;238960;236110;226320;200710;99900;293260;215530;219990;427270;225640;65800;302270;444640;438680
281610;244160;204880;375910;9450;32470;281990;266840;290790;245370
204300;207140;242550;252950;291550;238460;113020;271570
346940;291650;230230;240760;39140;234650;300550;237930;237850;268870;228300;253940
263280;227300;270880;313160;241560;234630;244210;310560;284160;324310;9930;220260;286160
226700;221100;295110;433850;247730;241540;316390;299740;337950;238430;355840
200710;238960;219990;258970;239220;272470;325600;215530;225640;302270;239070;247950;32800;345180
244210;227300;385760;234630;263280;24740;310560;271590;321040;284160;255220;44350;9930;391040;244930;286570;226580;408760;292410;362610;252530;422100;324310;8600
385770;363970;346900;492800;380360;414730;493370;393530;402840;462930;452780;329110;375460
302830;224540;316390;355180;391460;304930;433350;349700
102500;72850;241930;367500;40390;204030;40300;249230;345350;7520;22330;265300;288470;388410;243930;32800;312780;225640;322520
393530;363970;346900;383080;385770;492800;459820;414730;493370;380360;402840;462930;452780;482920
272510;323470;411830;504370;45760;349040;418340;234670;311730;331600;351970;225600
330840;261030;250320;20920;20900;292030;429570;207610;319630;330830;237850;376870
237930;346940;39140;228300;107100;300550;243930;234650;237850;238010;337000;91700
238090;63380;271590;34870;730;301640;235600;203140;212630;305260
47890;4000;428690;271590;332310;294100;2700;346110;387990;281990;255710;218680
56437;363680;364360;9450;15620;4570;20570;55150;4580
380600;244930;24010;314160;238960;51100;332070;253710;255480
403190;220200;427520;233450;294100;242920;375910;236150;423580;496460;356040;33350;253250;329130
346010;265930;367450;332310;244850;285920;387990;333950;225540;285010;473520;248570;289090;275470;361190;284950;292620;233720;487220;449220;453980;485220;467370
383120;275850;105600;211820;244850;322330;294100;290080;237870;238240;346110;332500;313120;17390;248390;252470;268650;24720;285920;449140;329130
208580;17450;6000;17460;32430;6060;32370;6020;24980;264240
225840;4000;316390;355180;265630;349700;291480;433350;224260;317400;466910;385830;262410;270370
374040;105600;211820;346110;304050;251570;290080;317470;237870;366220;297810;280790;361800;344040;268650;253250
236690;216890;293260;364360;242570;213850;276810;247000
304030;304050;109600;306130;442080;258700;261430;263540;376570;290140;39120;268420;287920;8500;512470;212500;327070;295550;40390;298160
220;8870;70;362890;7670;290930;400;283390;17300
253030;252950
238370;261640;49520;285160;356330;204360;42910;252950;12810;39120;204030
376870;261030;330830;237850;391540;429570;330840;207610
332500;427520;244850;238240;264710;366220;294100;346110;360170;383120;265590
249050;212680;113200;239350;234390;250900;364420;467960
310380;570;386360;504370;218230;8500;4920;730;212070;339600;214190;6370
226860;8930;65980;281990;289130;3910;226840;208140;298050;204880;252450;282210;378720;261470
288470;292030;20900;102500;204030;249230;265300;367500;11450;12200;12710
210970;383870;219890;258520;306760;257510;433340;405950;292620;447850;339470
282440;10;324810;350280;338170
208090;271590;113400;230410;504370;209870;242720;317360;338180;346120
239030;245470;214340;285010;473520;284950;405950;427780;447850;467370;274290;339470
313120;242760;264710;333950;383120;275850;346110;305620;278970;387990;289950
349040;323470;272510;411830;418340;234670;281690;311730;331600;351970;225600;449800
249130;285160;313690;405310;214510;32440;438640;267530;332310;267550;224060
410320;41070;206420;49540;394510;267920
456610;378120;407250;407120;252950;375960;408760;370090
282560;57690;289950;294100;2700;313010;24780;255710;48240
301910;271590;49520;243470;206420;225540;55230;12210;8190;265550;224060;9480;223470;259080;11450;12200;12220
311340;287700;236870;50130;33230;311560;271590;203140;243470;12120;204100;24980;65930;416170
293260;213850;239220;236690;256410;257730;286160;282800;247000;290340;404770;262280;317820;378720;216890;200170;233840;314970
333420;214950;236850;221380;244160;203770;363150;266840;201270;10500;375450;287450;4700;105450;4570;9420;232890;233250;48240;246620;47410;9450;318020;4760;32470;386070;4580;230190;308000;354640;17480;360640;40100;360650;342580;336510;267980;33350;20570;4780;392470
23490;245620;57690;310470;24780;233450;39680;255710;245470
232890;221380;245620;266840;242920;333420;105450;310470;325610;47410;48240;287450;354640;496460
242700;208650;307780;310950;209000;45760;24200;200260;35140;237110;245170;383980;376300
290300;2870;404410;275850;236150;359320;2820;201310
234650;230230;240760;346940;237930;39140;300550;268870
260230;387290;261570;211400;486820
57300;238320;282140;268050;354140;332800;388090;218640;382300;319510;108710
391040;385760;244210;234630;310560;232910;44350;255220;223670;408760
32370;208580;6000;32470;291650;32430;6060;17460;6020;17450;24980
17390;220200;383120;359320;332310;281990;24720;232810
335240;317470;236110;389570;252950;346120;246280;265630;339280;238460;363970;466910;362610;449630;482920;444480;386420
4700;364360;8930;214950;325610;236850;221380;203770;201270;10500;375450;333420;394360;310470;4760;34030;4780;318020;300080;42960;25890;3910
20500;243470;225540;12210;8190;271590;244850;265930;12120
322500;730;317360;204450;63380
45760;307780;310950;272510;242700;261180;237110;376300;245170;234670;311730;383980;411370;264200;388750
382120;271590;387290;250760;105600;238460;211820;283640
452780;492800;459820;363970;380360;493370;393530;385770;402840;346900;414730;383080
233250;15620;261470;386070;333420;40100;9420;290790;281990;268870;368750
9900;230410;109600;438040;427270;442080;99900;261430;212500;376570;39120;226320;339600;8500;404410;24200;215280;212070;368750;336520
248820;250900;311690;239350;212680;234390;268750;314410;113200;364420;247080;241600;269210;434650;200210;242680
394510;41070;410320;249990;42910;271570;265590
50130;234140;270880;12210;311340;271590;110800;12220;12120;202170;307690;236870;204100;29800;17460;318220;308000;50300;205950;24980
241600;239350;248820;364420;233980;252410;236090;271640
389570;335240;389430;339280;236110;363970;265630;39120;332070;427270;326460;506140;466910;334230;361190;482920;485220;346120;305260
261570;260230;256290;236090;387290;329380;283640;218680;486820
39120;389430;442080;39210;109600;438040;306130;304030;238370;9900;389570;356330;261430;212500;263540;339280;332070;376570;113400;24200;290140;268420;99900;295550;258700
8190;271590;243470;225540;55230;12210;301910;20500;332310;265930;12120;259080;9480;250340;12220
105450;221380;363150;266840;375450;333420;232890;287450;394360;9420;231430;17480;48240;47410;318020;4580;354640;40100;336510;33350
409710;337000;43110;377160;7670;409720
311310;48700;3920;242050;326410;390670;268650;512470;338540
104900;261640;24240;322920;70000;271590;730;346110;319150;236370;504490;4920
384490;364420;239350;247080;113200;314410
239160;205100;238320;242640;43110;368500
376570;389430;442080;109600;438040;427270;304030;9900;258700;261430;212500;39120;268420;113400;8500;24200;375230;212070;394690
312530;242550;261180;312990;274190;207140;296470;298520;327030;370770;239450
294860;251150;351710;359870;282900;405900;460120;326460
321960;364360;297000;230230;435150;226840;281640;289130;251150;23310
326460;389570;236390;730;214420;294860;231430;327030;370770;233840
257850;265300;250760;107100
237110;307780;45760;242700;504370;261180;310950;424280;248570
113400;55230;227700;208090;442080;271590;376570;242720;109600;12220;39120;259080;9480;214190;212070;394690;11020
332310;225540;265930;47890;346010;17390;8190;285160;250340;405310;313690;214510;249130;32440;387990;438640;267530;12200;24720
65800;236110;201790;210770;239220;249990;42910;302270;238960;427270;214360;306020;299260;221540;102600;22230
298050;252450;226860;32470;65980;208140
40800;274170;250760;205230;219150;357280;264200;397980
10090;550;1250;42700;355180;232090;350080;391460;70000;301640;115300;500
221910;383870;221260
6060;208580;32370;438640;271590;6000;32470;6020;32430;65930;283390
251060;222750;64000;394360;244450;65790;34030
368500;287700;205100;236870;289650;242050;239160;311560;208480;242640;33230;201870;15100;48190;203140
302270;236110;201790;210770;65800;238960;239220;306020;200710;427270;246420;214360;32800;438680;221540;102600
8980;377160;261640;49520;394230;22370;316390;41070;99810;9200;224600;620;22380;22300;233270
369200;230410;272350;271290;218230;209870;227940;333930;730;342200;51100;444090;291480
203140;287700;236870;311340;311560;238090;271590;203160;368500;235600;204100;212630
220260;413150;313160;387990;271590;107410;4000;270880;504370;730;227300;263280;252950;286160;324310
223470;213670;233130;99810;12200;301910;341940;224060
282880;329110;339800
70000;104900;322920;10090;730;227940;346110;319150;350080
113020;218620;24240;252950;249990;204360;204300;269210;238460;369040;351470
235600;365590;218620;63380;24240;243470;238090;203140;271590;298110;272350;34870;212630;289650;236370;65930;317360
375960;378120;407250;456610;407120;252950;370090
329050;220440;418340;281690;235460;322520
268050;214490;108710;339340;57300;238320;287290;304240;354140;21690;254700;218640;222480;319510
208480;289650;242050;368500;311560;241930;242640;33230;201870;15100;48190;10150
48240;255710;233450;245620;57690;375910;282560;105450;232890;310470;271240;333420;47410;313010;2700;24780
280790;346110;304050;301520;393420;317470;237870;374040;290080;252490;251570;506140;407530;263540;344040;297810;391730;482920;287920;293540
204880;281990;244160;281610;4920;226860;32470;245370;261470;65980;386070;208140;290790
236370;261640;393380;6000;222880;359550;730;500;104900;91700;49540;235600;202970
304240;222480;268050;286690;339340;254700;287390;287290;429570;316790;2600
355840;304930;221100;433850;227700;333930;437220;224600;247730;226700;316390;299740;349700;286940;337950;391460;224260;319150;287920
223100;220240;298110;42700;202970;10180;34870;286940;730;17300;304930;115300;19900
301640;63380;241540;238090;222480;10090;355180;550;239140;287290;221040;339340;21690;254700
15620;364360;363680;56437;233250;216890;9450;55150;4570;20570;4580;375230;366440;268870;40100;265590;242570
394310;233740;356040;343100;280320;322850;240460;247020;361280;417910;255260
349700;550;304930;444090;239140;295110;433850;437220;224600;250400;238430;302830;225840;355840;316390;355180;337950;224260;286940;265630;391460;433350;319150;382850;317360
259080;4000;225540;8190;113400;271590;355180;227700;12210;12220;301910
310470;245620;203770;57690;375910;23490;232890;4700;48240;42960;39680;245470;300080;25890;271240;336510;4780;392470
331600;323470;272510;349040;411830;278080;418340;234670;281690;340170;345350;385730;449800
202170;50130;271590;234140;12210;12220;12120;307690;236870
506140;280790;389430;317470;389570;482920;301520;438040;339610;235340
314160;380600;236390;271590;107410;212070
325600;291650;373420;200710;228280;230230;272470;257350
342200;301520;227940;291480;271290;218230;369200;209870;203290;730;51100;293540;214420;298520;267920
251730;238750
208140;65980;281990;289130;226860;298050;204880;3910;8930;252450;282210;368750
297000;226840;321960;364360;251150;266840;435150
282140;57300;238320;332800;388090;257510;275470;382300;378100;486360
402840;363970;346900;385770;393530;452780;492800;414730;459820;462930;383080;380360
204100;287700;203160;311340;50130;271590;110800;203140;12220;12120;24980;50300
304650;258520;467960;215280
209080;4920;393380;107410;440;222880;333930;359550;730;500;291480;240
246620;233740;282070;271590;322330;294100;107410;435150;730;4000;333420;487220;248610
215080;372000;39210;356330;268420;263540;258700;261430;438040;48220;290730;314970;298160;336520
245170;307780;310950;45760;242700;261180;311730;94400;383980;411370;376300;424280;388750
257510;258520;210970;282140;377160;275470
9480;271590;206420;55230;301910;8190;113400;12210;12220;12120;225540;312780
290790;281610;233250;204880;9450;40100;271240;386070;9420;4920
322170;357280
274190;312530;312990;250180;424830;477290;307350;370770;414920;382490;371390
333950;48700;244850;344760;290080;346010;313120;285920;387990;268650;284160;289950;430440;367450
350280;338170;324810;282440
286690;43110;214490;304240;350080;298110;287390;13520;377160
407530;346110;280790;322920;304930;337950;252490;287920;332070
286940;236390;227940;291480;355840;223100;203290;218230;337950;730;349700;304930;391460;253710;390670;433350;115300;51100;42700;209870;382850;355180
47410;232890;354640;105450;221380;300080;339280;336510;333420;438040;48240;449140;290730
24960;10;359550;240;242860;393380;33930;203290;107410;222880;730;65790;115300;10180;6000;209160;202970;7940
305620;242760;282070;264710;275850;313120;295110
34030;364360;394360;214950;325610;201270;10500;4700;251060;244450;4760;64000;222750;42960;25890;3910;392470
207610;261030;250320;330830;330840;376870;429570;319630;287290;435530
278970;313120;346110;252490;251570;393420;304930
387990;4000;244850;393420;265930;47890;346010;332310;220260;333950;250340;285920;313120;346110;252490;286160;433340;344040;248570;318220;289090;289950;268650;383560;454930;427730;367450;357900;246900
24010;413150;227300;270880;313160;380600;304730;271590;107410;427520;252530
339600;404410;9900;230410;449140;386070;310380;212070
228400;47870;236390;271590;107410;504370;730;212070
22380;377160;234140;22370;9200;8980;22300;22330;264240;204450
228280;291650;230230;373420;325600;257350;435150
361800;317470;263540;366220;374040;304050;290080;346110;252490;327070;297810
221040;222480;21690;254700;250400;301640;287290;319150;302510;339340;504490
236450;
287290;261030;265550;268050;304240;301640;207610;221040;222480;339340;21690;254700;232090;429570
8500;359320;310380;2870;9900;236150;2820;376570;368750;304030;212070
252450;298050;226860;65980;208140
35720;249990;225080;35700;238460;271570;405950;356200;486820;444480;386420
317400;620;4000;355180;265630;225840;400
393380;730;107410;24240;359550;240;236390;33930;35450;222880;291480;236370;209080;24960;242860;300;65790;203290;270150;447820
255220;234630;44350;370240;223670;282350;244210;391040;24740;47870;271590;321040;252950;9930;310560;286570;226580;306350;8600;212480
265630;440;4000;444090;225840;335240;389570;317400;316390;355180;227940;349700;253710;433350;204450;265750;427730;317360;270370
496300;233740;356040;282070;298630;264140;246420;434610;296490
326410;311310;3920;242050;264140;512470;252470;294020;375460
286160;293260;313160;4000;263280;387990;265930;220260;247000;404770
466910;386360;504370;389570;252950;246280;236110;363970;730;225840;444640;335240
200260;208650;209000;242700;313690;24200;35140;267550;10150
495910;372000;407510;258700;268420;99900;207230;253490
269210;311690;113020;239350;200210;248820;434650;314410;242680;364420;239070;382490
203630;228260;378720;289130;65980;226840;232050;8930
207230;386360;504370;407510;226320;495910;442080;356330;290140;246280;258700;242720;444090;235340;225600;277950;253490;265750;6370
247000;236690;293260;286160;256410;216890;290340
339280;570;444090;389430;386360;236110;438040;226320;427270;335240;389570;39120;47410;246280;277950;235340;227520;200210;366440;99900;290730;270370;336520
304730;255710;233450;239820;24010;427520;57690;313010;24780;344850;2700;341000
282210;226860;65980;208140
493370;363970;385770;393530;452780;380360;492800;459820;462930;346900;383080;414730
238010;337000;205100;8870;237930;228300;203750;17300;233270;264240;91700;17410;409720
298630;282070;496300;356040;391730;268750;248390;322330;105600;211820;280520;369040;292620;248610
280220;204530;248610;261470;281990
418340;323470;272510;349040;329050;331600;411830;99900;281690;345350;225600;234670;311730;278080;449800
248390;413150;298630;383120;294100;253250;280520;307880;264140;366220;391730
9450;266840;363680;281610;56437;15620;290790;17480;4570;20570;55150;333420;4580;375230;287450;40100;267980;9420
302510;241930;32800;209650;271590;504370;32430;221040;203160;325610;254700;48190
4570;221380;363680;56437;333420;15620;9450;17480;20570;4580;375230;267980;242570
354140;268050;238320;57300;319510;388090;332800
205230;233980;387290;238460;40800;206190;283640
227520;4760;389430;214950;246280;339280;227940;390670;325610;236390
29800;65930;50130;271590;102600;201790
264240;377160;337000;208580;17460;24980;238010;22380;7670
290930;8870;362890;70;7670;220
225600;234670;349040;504370;418340;242720;219640;94400;207230;272510
329380;214560;314660;261570
285010;3590;367450;239030;346010
318020;394360;105450;4700;4580;270150;333420;40100;231430
339340;261030;268050;304240;287290;222480;21690;254700;301640;221040;429570
42910;204360;238460;238370;394510;65800;414920;285160;252950;12810;249990;201790;239070;341800;397460;296470
299740;252490;304930;221100;295110;433850;393420;437220;247730;226700;355840;337950;108600;327070;394690;316390;287920
404770;282800;329110;293260;286160
233980;205230;241600;236090;400370
242720;230410;208090;113400;207230;225600;271590;504370;333930;298240;227700;730;317360;293540;214190
341940;218640;338180;223470
467960;249050;268750;113200;304650;364420
391460;227940;333930;302830;10090;286940;316390;355840;382850;355180;349700;51100;304930;383150;433350;298240;42700;317360
350080;201810;8870;10090;286690;42700;70000;13520;10680;385830;67370
433340;428690;210970;244930;387990;298600;384190;361190;354860;383560;487220;449220;453980;447850;339470
312990;238460;312530;274190;242550;291550;370770;382490;239450;346120
234670;323470;272510;349040;331600;225600;411830;356330;45760;418340;281690;311730
404410;359320;290300;339600;2870;9900;236150;24720;252470;212070;294020;375460;449140
224260;550;232090;1250;238430;225840;349700;316390;355840;247730;355180;433350;352460;500;319150;251170
339800;282880;331470;426000;459820;473520;234330;329110;339160;429280;327670;467370
47870;241560;234630;228400;255220;24740;271590;44350;321040;252950;9930;292410;375900;11020
48220;364360;200510;226840;215080;289130;276810
298600;433340;379720;205950
371200;405900;286120
385830;394690;271590;261640;350080;225840;224540
219150;274170;40800;397980;204630
263540;304050;438040;290080;304030;39120;215080;361800;280790;317470;356330;287920;200210;307880;297810;430440;327070;298160
110800;208650;250320;50130;204100;271590;350640;233290;400370;318220
4760;364360;8930;214950;325610;201270;10500;4700;34030;227520;333420;4780;287450
239070;258970;238960;249990;42910;200710;314410;269210
434650;269210;247080;311690;248820;314410;364420
388410;102500;241930;265300;7520;243930;340170;345350;115320
405900;294860;371200;265610;251150;282900;23310
232790;330830;237850;214340;334120
32470;244160;281610;32370;298050;6060;204880;438640;6000;333420;281990;6020;32430;245370;267980;9420;270370
205890;316010;255420;232450;291410;256410;257730;329110;213850;410380
435150;230230;282350;373420;428690;321960;246620;228280;297000;226840;359870;377840;281640;17450;257350;334230;424830;398680;477290;286120;354860;296050;292620;360650;487220;453980;243950;447850;454930;365360;233840;339470;238750
462930;363970;346900;385770;393530;402840;493370;426000;459820;383080;414730
386070;233250;204880;290790;339600;333420;40100;9420;245370;271240;449140
200210;269210;389430;364420;263540;248820;268750;304050;339280;277950
311730;307780;272510;349040;245170;234670;411830;45760;418340;310950
428430;239350;364420
360170;265550;241540;250400;332500;239140;329430;346110;251570;304930;115320
24200;208650;323470;226320;209000;242700;200260;442080;290140;9900;212500;376570;261430;109600;39120;35140;240460;215280
417860;331470;327410;357900
344040;280790;250340;366220;374040;346110;242760;387990
278080;323470;204360;331600;252950;340170;418340;250400;281690;322520;247950;345350;312780
466170;459820
244930;380600;433340;234630;271590;244210;253710;9930
235460;329050;220440;281690;397980
473520;3590;367450;222730;339800;239030;346010
375230;433850;376570;9450;4580;4570;20570;227700;15620;55150
214420;301520;299360;326460;236390;393420;285920;342200;298240;293540;313990;314970
287450;221380;244160;266840;333420;105450;4760;9450;4580;232890
290140;372000;389430;304030;207230;24200;442080;258700;268420;356330;109600;39120;261430;332070;212500;99900;253490;295550
276810;268500;364360;262060;236690;48220;216890;365360
39140;359870;292120;377840;346940;237930;234650;372360;39150;251150;23310;292140;38400;253940
248570;237110;233720;4000;504370;424280;264200;387990;346010
300550;291650;230230;240760;346940;237930;234650;223830;243970;268870;237990
310560;241560;234630;223670;263280;244210;391040;271590;44350;321040;255220;9930;286570;226580;320300;306350;252530;8600
256290;261570;251150;236090;387290;359870
228260;226840;289130;203630;65980;8930;232050
108600;252490;322330;251570;241540;250400;299740;221100;329430;295110;304930;239840;356040;257170
426000;346900;383080;428690;339800;462930;459820;387340;363620;282800
340170;351970;292120;331600;388410;278080;372360;292140;251150;345350;377840;243930;449800;312780
7670;205100;8870;220;409710;264240;290930;377160;43110;409720;13520
33230;287700;241930;391220;236870;289650;242050;311340;368500;208480;311560;242640;15100;201870;48190;10150
253710;444090;220240;298110;371660;380600;265630;244930;322920;286940;51100;10680;408760;262410;417910
22300;377160;234140;22370;22380;9200;8980;22330;241540;6020;409720
17450;292030;367500;20920;208580;20900;435150;291650;32370;312780;243950
257350;291650;230230;373420;325600;228280;435150
421050;319630;214340;316790
245470;239820;239030;251990;233450;245620;57690;23490;310470;203770;42960;39680;344850;247020
444640;466910;236110;386360;570;305260;239220;306020;427270;438680
243930;374320;236430;335300;211420;265300;237930;388410;102500;241930;7520;40300;367500;340170;345350;292030;107100;220440
236150;220200;359320;2870;290300;8500;404410;403190;2820;252470;24720;201310
286570;244210;234630;310560;226580;255220;44350;9930
246280;386360;236110;226320;335240;466910;207230;339280;227520;317470;238960;427270;235340;482920;6370
438640;261640;620;249130;332310;6060;32470;285160;313690;405310;214510;32440;267530;32430
21690;221040;287290;339340;222480;268050;254700;232090;301640;504490
251990;245470;460120;351710;282900
344850;304730;239820;341000;245470;233450;271240;477290;292620;247020;273770
204030;292030;241930;20920;20900;249230;102500;238370;288470;265300;40300;367500;11450;22330;12200;12810;12710
35140;208650;209000;242700;200260;313690;24200;391220;267550
385730;411830;323470;261180;240460;504370;252950;94400;331600;282350;417910
423580;341000;233450;294100;403190;356040;361280
233130;223470;99810;379720;6020;224060
345350;359870;351970;292120;102500;331600;418340;388410;278080;340170;243930;39210;372360;292140;251150;377840;107100;449800;312780;7510;322520
245490;207140;11020;271590;232910;504370;730;252950;375900;296470
431240;394690;252950;334230;428690;272890;408760
2400;205100;220240;271590;298110;4000;13520;427730;730;19900;334230
432150;368900;447880;416270;410590;397620;431270
322850;394310;378120
300080;47410;4700;305260;310470;730;336510;325610;48720;438040
390670;444090;236390;227940;311310;227520;203290;286940;338540;291480;512470;235340;305260
429570;261030;319630;330830;330840;376870;207610;339340;304240;287290;237850
283640;382120;205230;387290;261570;477290;364690;357280;268240;371390;378100;486360;271640
254700;304240;221040;287290;302510;339340;21690;222480;268050;301640
300;10;236390;35450;730;393380;107410;33930;227940;242860;447820
400370;233980;252950;271590;39150;504370;110800;433850;250760;730;346110
65790;107410;33930;251060;24960;393380;203290;730;242860;222750
397060;257730;410380;436150
226580;234630;223670;286570;244210;310560;44350;321040;255220;9930
243970;268500;200510;300550;98200;268870;238910;234190
408760;244210;391040;378120;431240;232910;385760;456610;253710
291410;316010;205890;257730;345220;232450;314970
311560;287700;236870;289650;242050;311340;368500;203140;208480;33230;241930;242640;201870;15100;48190;10150
240460;385730;442080;394310;323470;44350;504370;24200;282350;339610
107100;237930;257850;236090;243930;345350;265300
334230;431240;482920;394690;389570;271590;730;504370;435150;252950;2400
250340;4000;332310;387990;344040;8190;271590;393420;346110;252490;251570;224540
6020;208580;32370;6060;32470;233130;6000;32430;22300
222750;244450;251060;231430;64000;394360;65790;34030
383150;247730;355180;550;239140;232090;1250;391460
205910;416270;368900;397620;400;206190;225080
11450;213670;285160;288470;230190;204030;262280;12710;12810;301910;201790;12200
338050;48000
262280;11450;230190;70400;245620;12710;12810;293260;428690;271240
287390;43110;214490;304240;286690;298110;17300;13520;377160
400;620;317400;205910;214340;206190;221260;17410;220;416170
252470;404410;383120;236150;244850;326410;238240;264140;512470;449140
255480;385760;370240;380600;407250;252950;282350;339610
247080;250900;311690;248820;384490;434650;343100;242680
282900;294860;405900;251990;353270;265610;251150;351710;347830;359870;387340;460120;70400;441830;282800
414580;311690
339400;343100;238910;226620
292410;24740;47870;241560;271590;244210;321040;12220;44350;9930
48720;48700;363150;300080;271590;307880;72850;203770;312780;430440;322520
4580;364360;266840;363680;56437;15620;9450;4570;318020;375230;287450;17480;105450;20570;333420;55150;267980
12120;271590;287700;243470;234140;225540;55230;12210;311340;20500;50130;8190;202170;204100;9480;12220;307690;12200;17460;318220;50300;24980
17460;208580;32370;264240;50130;377160;292140;292030;12120;24980;65930
278460;307070;341310;253940;265610
424830;271590;252950;207140;504370;435150;730;107410;105600;274190;238460;211820
242860;730;107410;359550;240;33930;35450;222880;375450;24960;393380;300;65790;447820
398680;341000;435150
318220;50130;271590;110800;12210;387990;12220;12120;307690
434250;338170;324810
94400;207140;504370;225600;385730;245170;261180;252950;291550;383980;424280;417910
230190;11450;262280;232810;427520;294100;24720;333420;222730
67370;42700;350080;338180;10680;49540
203290;107410;227940;291480;209650;342200;286940;24960;390670;65790;393380;730;51100;298240;262410;270150;209160;34870
449800;353270;411830;32800;349040;418340;331600;340170;345350
215280;306130;9900;233290;304050;24200;109600;258520;304650;212500
313690;206420;208650;209000;249130;332310;200260;438640;35140;285160;405310;214510;32440;267530
433350;302830;225840;265630;224260;316390;304930;355180;286940;349700;291480;337950;391460;500;42700;262410
307690;271590;12210;50130;202170;12120;318220;243470;12220;115320;10150
266510;378720;39150;257730;226620
383980;291550;94400;45760;310950;261180;242700;245170
256410;316010;255420;213850;293260;247000;205890;232450;257730;410380
380360;385770;393530;452780;493370;492800;363970;459820;402840;346900;414730
308000;50130;252950;271590;504370;730;333420
268420;372000;389430;39210;407510;304030;376570;215080;495910;290140;356330;261430;258700;39120;354860;99900;253490;295550;298160
307880;48700;322330;344760;290080;48720;263540;366220;242760;248390;346110;252490;251570;393420;430440;391730;474750
238320;214490;57300;239160;268050;282140;354140;388090;218640;319510;378100
70;220;290930;362890;283390;13520;17300
264140;496300;326410;248390;364420;211820;294100;105600;252470;280520;512470;3920
297810;304050;374040;280790;317470;237870;263540;361800;290080;346110
320300;234630;310560;271590;367450;4000;289950;241560;262410
504490;273350;21690;224600;230410;221040;104900;49540
410380;316010;255420;213850;205890;397060;256410;257730;232450
22330;72850;367500;22370;306130;102500;22380;22300;40390;204030;40300;249230;292030
405310;206420;249130;332310;438640;313690;285160;214510;32440;267530;331670;224060;397460;200170
237870;105600;211820;346110;304050;244850;251570;344760;290080;383120;374040;280790;297810;285920;268650;238240;253250
41070;410320;394510;8980;99810;261640;4000;49540;341800;427730
338170;350280;434250;282440;324810
98200;243970;238910;289130;268870
50300;50130;108710;10180;271590;287700;203160;12120;204100
313010;255710;282560;304730;39680;313160;233450;245620;57690;24780;48240;2700
375900;47870;11020;271590;232910;44350;245490;252950;223670
411370;45760;245170;388750;310950;376300
261430;372000;389430;442080;39210;109600;438040;304030;9900;39120;376570;215080;24200;290140;268420;258700;212500;356330;253490;295550
221680;
206190;205230;400;314660;238460;205910;365450;214560
354640;47410;232890;333420;336510;105450;39680;221380
477290;4000;294100;435150;387290;344850;105600;274190;238460;211820;283640
289090;4000;363970;387990;346010
205950;50130;416270;298600;17410
332070;442080;380600;389570;39120;258700;290140;212500;356330;109600;407530;99900;295550;243950
246420;3590;236110;302270;102600;496300;201790;296490;351470;357780;299260;485220;297020;22230
204450;322500;271590;265630;8870;22380;233270;265750
251150;359870;292120;377840;294860;321960;297000;405900;39140;256290;340170;345350;282900;353270;292140;23310;281640;39150;372360;351710;253940;460120;265610
12200;213670;223470;11450;12120;288470;271590;332310;204030;301910;225540;221260
70400;262280;265610;351710;282900;346900;387340
233270;337000;238010;204450;261640;204630;17300;8980;377160
298520;312530;504370;342200
364690;387290;250760;239350;364420;283640
268750;322330;219740;248820;298630;467960;200210;239350;211820;234390;105600;364420;280520;314410
275470;257510;282140;346010
247950;204360;258970;278080;238960;32800;249990;200710;272470;225640
376300;310950;45760;411370;242700;388750;307780;245170
512470;311310;326410;390670;3920;242050;264140;304030;252470;338540
361190;389570;247020;363970;233720;384190;433340;346010
286120;378720;435150;281640;289130;371200
271570;394510;249990;35700;204300;252950;35720;238460
212500;442080;39210;109600;438040;306130;9900;39120;376570;24200;215280;261430;332070;258700;290140;304030;304050;99900;295550;298160
214190;301520;271590;230410;310380;242720;293540;113400
366220;346110;252490;393420;344760;290080;374040;332500;361800;344040;307880;248390;317470;287920
214360;65800;221540;236110;210770;302270;201790
434610;221540;275670;496300
331670;200170;405310;204360;22230;214510;32440;397460;428690;296470
347830;282900;353270;351710;377840;359870;387340;460120
366440;4920;339280;570;15620;730;444090;394230
32430;208580;32370;302510;6020;438640;6000;32470;6060
321040;241560;44350;223670;244210;255220;47870;310560;226580;292410;24740;9930;8600
4920;310380;204880;209080;290790;366440;273350;6000;107410;222880;359550;730;240;104900;500;271240;265590
222730;473520;230190;232810;284950;360640;342580;467370
12220;271590;243470;234140;55230;241560;12210;50130;113400;259080;202170;204100;9480;292410;12120;318220;307690;8190;225540;301910;24740
281640;321960;435150;286120;237990;251150;226840;230230;23310
306760;210970;219890;258520;292620;453980;447850;339470
267550;209000;200260;10150;271590;208650;115320;249130;35140
220440;329050;235460;281690;243930
268870;243970;233250;98200;346940;300550;15620;20570;234650;240760;265590
284160;227300;270880;234630;265930;263280;244210;313160;333950;252530;24740;9930
32800;241930;235540;302510;449800;247950;238960;102500;265300;302270;200710;7520;272470;225640;115320
354860;317470;268420;435150;387290;253250;433340
284950;367450;222730;239030;346010
292140;359870;351970;292120;340170;345350;17460;251150;39140;372360;39150;377840
238910;243970;339400;98200;289130;226620;327670
257830;
234330;482920;339800;329110;429280;327670
17480;105450;9450;4570;4580;221380;333420;40100;9420;267980
328500;250760
115320;388410;267550;10150;32800;271590;265550;239140;241930;329430;360170;307690
307350;271590;252950;504370;387290;730;107410;105600;274190;238460;211820
352460;247730;239140;232090;238430;224260;427730;251170
292370;335670
298240;227700;242720;214420;730;203290;227940;218230;317360;391460
250760;382120;257850;40800;400370;364690;328500;250180;314710;357280;268240
237990;281640;300550;240760
405950;210970;35720;239030
289950;270880;282560;320300;313160;107410;324310;244850;294100;313120;346110;387990;333950;252530
398710;261180;463180
15700;48000;314660;316790;388420
296050;265610;435150;262060
24980;287700;203160;208580;204100;264240;17460;50130;311340;292120;32370;12120;65930
430440;263540;290080;307880;327070;48700;333950;48720;438040;287920
7520;374320;236430;335300;211420;265300;102500;388410;243930;32800;40390;306130;40300;292030;367500;272470;225640
2700;255710;47890;282560;304730;233450;57690;313010;24780;294100;48240
369040;265590;107410;248610;113020;298630;270150
225080;35720;205910;221260;35700;486820
317820;378720;262060;293260
327030;312530;200170;233840;326460;428690
250180;274190;250760;201570
341800;41070;249990;42910;252950;32440;238460;422100
65930;29800;271590;17460;311340;6060;24980;236870;235600
391730;298630;280790;248390;307880;346110;105600;238240;211820;280520
329110;282880;404770;205890;234330;257730;363970;385770;339800;429280;327670
345220;291410
212070;310380;314160;339600;228400;8500;113400;9900;404410;230410;376570;359320
293180;
362610;244210;271590;335240;252950;207140
378720;226840;289130;203630;266510;286120;317820;65980;232050;8930;293260;226860;290340;289520
339160;339800
70100;365450
39150;359870;292120;377840;39140;400370;266510;292140;372360;251150;23310;253940;238750
99900;372000;238960;258970;407510;226320;239220;9900;495910;418340;290140;258700;268420;212500;339280;39120;332070
245370;204880;281990;32470;261470;65980;386070;281610;244160
332800;282140;354140;57300;319510;388090;274290
447880;432150;368900;416270;397620;431270;410590
115300;42700;202970;10090;209160;10180;298110;223100;286940;730;7940;24960
459820;346900;383080;393530;452780;402840;493370;339800;462930;466170;426000;380360;414730
294020;404410;3920;2870;326410;375460;39680
272470;219990;258970;200710;325600;247950;32800;238960;7520;345180;215530;225640
237850;319630;330830;346940;330840;237930;376870;232790;429570;228300;261030;334120
292620;306760;367450;248610;435150;298630;344850;346010;210970;238460
233720;248570;361190;367450;4000;427730;346010;422100;246900
12810;213670;238370;42910;11450;262280;285160;204030;40300;249230;12710;102600;367500
268650;311310;333950;237870;383120;374040;244850;285920;387990;253250
362890;311210;220;290930;70;283390;13520;7940;17300
24780;255710;57690;375910;282560;23490;304730;313010;2700;39680;233450;245620;48240
365450;70100;206190
214560;329380;314660;206190;211400
388090;282140;354140;238320;332800;57300;319510;274290
370090;378120;456610;375960
343390;
271860;49600
313340;413150;384190
500;550;273350;24240;10;359550;232090;1250;238430;236370;209080;4920;316390;10090;355180;730;291480;304930;433350;224260;202970
224060;213670;301910;233130;405310;223470;249130;209000
306020;201790;302270;444640;65800;3590;236110;305260;210770
280520;105600;211820;298630;248390;264140;268750;391730;238240;294100;290080;346110;251570
285160;238370;249130;332310;42910;438640;11450;313690;405310;12810;214510;32440;267530;12710
360640;342580;271590;222730;226620;730;333420;255710
496460;242920;233450;232890;403190;33350
40100;233250;290790;318020;386070;17480;105450;9450;15620;333420;9420
233290;110800;215280;350640;258520
42960;394360;236850;203770;310470;245470;245620;34030;4700;25890;281990;392470
360650;341000;271590;435150;341310;730;282800;333420;255710
242640;241930;205100;20920;289650;239160;368500;208480;33230;311560;15100;201870;48190
232810;230190;222730;24720;17390
370770;312530;271590;346120;504370;730;312990;326460;274190
413420;350640;413410
321150;306410
324810;282440;350280;434250;338170
338180;208090;341940;67370;271590;355180;271290
223830;268500;200510;300550;240760
301750;422250
474750;292030;290080;307880
51100;227940;272350;291480;218230;380600;369200;342200;391460;253710;203290;316390;355180;286940;304930;293540;209870;382850;270370
32440;620;249130;332310;438640;313690;405310;331670;341800;285160;214510;267530;397460;200170
436150;257730;397060
277950;407510;427270;339280;200210;386360;444090;207230;235340;482920;290730
296490;204530;246420;496300;201790;299260
351470;265610;363970;113020;246420
42700;311210;10090;223100;350080;67370;115300;209160;10180;355180;286940;730;433350;291480;391460;7940
306350;24740;234630;310560;252950;255220;44350;207140
262410;320300;209870;271590;225840;203290;107410;317360;730;227940;4000;253710;433350
319150;230410;104900;70000;221040;355840;355180;337950;227700;224260;349700
249990;258970;394510;65800;113020;35720;42910;239070;247950;271570;341800;204360;291550
3590;285010;473520;246420;306020;218680;297020;467370;22230
10180;291480;209650;223100;50300;115300;42700;209160;107410;34870;222880;730;7940;240;24960;202970
247020;361190;239820;341000;245470;504370;294100;394310;344850;346900;428690;485220
312780;278080;48720;102500;372360;20920;17450;9480;340170;345350;322520
314710;250760;211400
413410;413420;350640
397460;331670;200170;405310;204360;42910;214510;32440;296470
383560;433340;271590;346110;105600;221100;322330;242760;252490;251570;387990;211820
338540;390670;236390;311310;227940;512470
25890;394360;236850;231430;42960;4700;310470;34030
357280;387290;250760;239350;40800;322170;283640
343100;311690;394310;339400;242680;247080;280320
290340;293260;247000;378720;213850;289130;226840;289520
342580;360640;271590;730;222730;226620;333420
487220;413150;341000;435150;438040;246620;238460;433340;428690;346010
91700;236370;337000;237930;238010
283390;6060;70;362890;379720;220
214510;249130;332310;438640;313690;405310;331670;285160;32440;397460;267530
218680;3590;47890;261570
273770;239820;341000;289930;344850;255710
24720;17390;404410;230190;232810;275850;236150;359320;281990;332310;383120
215530;49520;238960;219990;258970;239220;200710;272470;225640;345180
427780;226620;239030
232910;385760;223670;391040;245490;408760;375900;11020;271590;44350;252950
414920;42910;242550;274190;207140
218640;341940;268050;57300;238320;12710
264200;248570;45760;424280;504370;281690;40800
228300;337000;292120;237930;238010;237850;346940;203750;17410
388420;15700;48000
316790;421050;15700;304240;314660;334120;388210
438680;444640;239220;236110;570;305260;302270;427270
271240;375910;48240;290790;344850;262280;4920;386070;310470
441830;351710;292120;359870;351970;377840;282900
64000;394360;231430;244450;251060;34030;222750;447820
275670;434610;221540;204530;210770
209870;230410;311210;209650;271290;208090;369200;342200;262410;730;272350;218230;51100;286940;291480
19900;220240;298110;371660;2400;322920;271590;223100;107410;17300;13520;252490;377160;304930
449680;463180;403740
327070;361800;430440;344760;263540;299740;290080;304030;287920
449630;22230;335240
356330;372000;323470;442080;109600;306130;238370;39120;215080;207230;234670;263540;290140;268420;332070;258700;261430;253490
449220;271590;252950;504370;730;238460;433340;346010
281690;349040;329050;331600;418340;234670;278080;235460;220440;264200;7510;322520
336510;47410;300080;354640;105450;221380;310470;333420;39680
222480;265550;304240;301640;221040;287290;339340;21690;254700;268050;232090
285920;244850;346010;333950;387990;214420;237870;268650;383120;301520;393420;313990
252410;241600;236090;387290;416170;444480;386420
314660;329380;206190;15700;214560;316790
453980;341000;367450;435150;438040;306760;238460;433340;428690;346010
235340;570;444090;386360;236110;438040;427270;506140;207230;339280;246280;277950;390670;482920;290730;6370;336520
463180;449680;398710
482920;506140;334230;234330;280790;389570;246280;236110;363970;335240;393530;277950;438040;235340
49600;271860;302010
258520;383870;210970;304650;257510;215280;306760;233290;350640
382490;242680;312990;269210;274190
236090;261570;233980;256290;107100;252410;241600;387290
382850;444090;333930;218230;391460;316390;272350;227940;286940;227700;349700;51100;202970
253490;290140;258700;261430;495910;356330;268420;207230;372000
416270;432150;205910;205950;447880;368900;397620;431270;410590
341000;344850;423580;398680;360650;247020;487220;273770;453980;304730;239820;233450;255710;361280;289930
416170;271590;504370;252410;311340;400;433850
234390;212680;219740;113200;249050;248820;268750;242680;239350
17410;620;400;228300;205950;8870;238010
252530;244210;313160;310560;270880;289950;24010;284160;227300
345180;272470;238960;215530;200710;219990;225640
385240;428690;460120
382300;57300;108710;282140
270150;318020;369040;265590;393380;107410;203290;394360;33930;730;227940;204530;248610
372360;359870;351970;377840;39140;340170;345350;292140;39150;312780;251150
295550;407510;442080;258700;290140;212500;261430;109600;39120;332070;268420;304030
253650;413150;384190
239840;240760;329430;108600;257170;251570;241540;365360
387290;260230;382120;261570;205230;256290;283640;477290;364690;354860;307350;357280;252410;236090;268240;371390;211400;486820;271640
347430;306410
267530;249130;332310;438640;313690;405310;285160;32440;214510
268240;387290;250760;105600;238460;211820;283640
239450;312530;252950;312990;238460
441870;204630
366760;378120;407120;252950
422100;244210;233720;341800
329430;265550;241540;360170;108600;115320;239840;221100;239140;251570;304930;257170
257730;316010;255420;213850;293260;205890;397060;291410;266510;256410;410380;329110;436150;232450;336520
357780;236110;246420;22230;297020
265750;504370;265630;204450;207230
299260;65800;246420;22230;296490;102600;201790
243950;17450;323470;364360;435150;72850;332070
424280;291550;237110;248570;264200;307780;94400;245170;346120
12710;11450;262280;12810;285160;218640;204030;236110;288470;102600;201790
317470;346110;304050;301520;290080;374040;335240;280790;506140;361800;263540;246280;297810;354860;366220;105600;251570;293540
361280;239820;341000;294100;394310;423580;346900
375460;294020;404410;363970;326410;341310;385770
201570;250180
429280;234330;339800;329110
3920;311310;326410;512470;294020;40390;242050;264140
363620;426000;428690
417910;394310;504370;261180;385730;94400;253710
394690;385830;431240;334230;113400;271590;299740;376570;221100;428690
331470;391540;339800;417860
221540;214360;434610;275670;65800;236110;210770;302270
449140;339600;404410;383120;301520;252470;386070;47410
272890;431240;385760;252950
384190;433340;361190;313340;253650;375950;486820
48190;236870;289650;242050;368500;208480;302510;33230;311560;242640;241930;15100;201870
40390;374320;292030;236430;241930;367500;335300;211420;265300;249230;242050;102500;22330;7520;3920;20900;40300;304030
403740;449680;460120
319510;354140;332800;388090;268050;57300;238320;274290
409720;409710;9200;8870;22300;377160;238010;7670;337000;504980
327410;417860;335670;280320;340650
355180;550;311210;239140;235540;232090;1250;238430;302830;225840;10090;301640;349700;259080;317400;265630;391460;224260;383150;433350;500;338180;51100;42700;319150;316390;286940;317360;270370;49540
484950;341310
289930;273770;239820;341000;255710
397980;219150;235460;274170;40800;379720
447850;306760;271590;210970;435150;438040;239030;238460;433340;428690
356040;427520;294100;282070;394310;496300;298630;423580;233740;108600;403190;435530;241540;280320
267980;17480;9450;32470;4570;730;333420;4580
492800;363970;346900;383080;385770;393530;452780;402840;493370;380360;414730
351710;294860;251990;282900;70400;347830;441830;353270;251150;377840;359870;387340;460120;282800
435530;356040;233740;211400;207610;378100;486360
371390;271590;252950;504370;387290;730;105600;274190;238460;211820;283640
375950;413150;384190
289520;378720;226840;232050;289130;290340
204530;280220;296490;275670;248610;270150
324310;313160;263280;289950;244210;234630;227300;220260;9930;44350
368900;432150;205910;447880;416270;397620;431270
232450;205890;256410;291410;257730;316010;410380
368750;8500;65980;265590;9900;389430;230410;233250;208140
422250;301750
24740;241560;44350;244210;255220;47870;292410;321040;306350;271590;252950;284160;12220;9930
265590;369040;270150;368750;268870;730;394510;20570;15620;4920;238240;332500;248610
6000;244160;208580;32370;6060;236370;32470;6020;32430;4920;730;218230;24960
13520;220240;298110;286690;350080;2400;287390;19900;17300;362890;7670;70;379720
33350;242920;233450;245620;375910;105450;221380;333420;496460;403190;255710
242550;204360;238460;204300;312530;312990;414920;207140
356200;35720;238460
447820;393380;107410;300;64000;222880;244450;242860;227940;35450
40300;374320;292030;72850;236430;241930;367500;211420;306130;265300;249230;102500;243930;204030;22330;7520;12810;40390
261470;281990;233250;204880;280220;245370;2870;226860;65980;2820;9420
485220;247020;265610;363970;246420;730;389570;346010
387340;426000;282900;70400;347830;351710;353270;411830;460120;7510
209160;209650;115300;42700;10180;107410;203290;222880;202970;730;24960;291480;7940
219890;210970;306760
378100;238320;282140;242760;251570;435530;283640
9200;377160;261640;49520;234140;22370;8980;22380;22300;409720;316390;224600;550;337950;304930;43110;99810
307070;278460
211400;282070;314710;435530;260230;214560;387290;48000
216890;364360;363680;236690;15620;247000;276810;293260;242570
420110;
454930;271590;252950;346110;504370;435150;433850;238960;730;242760;387990;251570;252490
221260;213670;221910;400;12200;225080;214340;335670
290730;389430;215080;339280;277950;47410;438040;235340
234190;243970
365360;435150;239840;276810;373420
20570;363680;56437;15620;9450;4570;375230;4580;268870;265590;55150;333420;242570
238240;105600;211820;244850;383120;332500;252470;391730;280520;265590;237870;329130
316390;365590;304930;444090;295110;224600;226700;302830;225840;8980;355840;349700;265630;391460;224260;433350;500;51100;382850;355180;9200;247730;299740;337950;317360
242680;311690;269210;343100;382490;234390;247080;248820;113200
201870;236870;289650;242050;368500;208480;33230;311560;242640;48190;241930;15100;10150
427730;2400;233720;41070;4000;265630;322330;620;387990;352460
314410;204360;311690;248820;384490;269210;239070;434650;268750;364420
302010;49600;311690
334120;237850;316790;232790
320150;
410590;432150;447880;416270;397620;431270
7510;281690;411830;345350;387340
8600;244210;234630;310560;321040;223670;255220;44350;9930
255260;394310;378120;385760
3910;8930;236850;226860;208140;4700;65980;34030;392470
23310;292120;321960;39140;251150;281640;39150;265610;359870;405900;377840
341310;360650;375460;484950;278460
38400;39140;240760
35700;620;35720;271570;225080;238460
200170;331670;327030;397460;405310;233840;730;252950;293260;32440;296470
202970;218620;24240;209650;210770;223100;115300;209160;10180;272350;382850;236370;232090;730;218230;24960;291480;49540;500
257170;239840;233740;108600;294100;329430;241540
287920;389430;304030;407530;263540;430440;327070;280790;366220;299740;290080;252490;355840;337950
317360;208090;322500;242720;298240;262410;316390;271590;224600;355180;265630;349700;304930;235600;391460
7940;209650;115300;10180;42700;362890;730;24960;240;209160
431270;432150;447880;416270;368900;410590;397620
108710;268050;50300;382300;57300;350640
242570;363680;236690;216890;15620;4570;20570
337950;304930;221100;295110;433850;227700;333930;437220;224600;247730;226700;355840;349700;407530;286940;299740;433350;319150;9200;316390;287920
4780;203770;201270;4700;4760;10500;214950;333420;310470;8930;325610
17300;311210;337000;223100;238010;287390;233270;19900;13520;220;362890;70;10680
392470;3910;394360;34030;310470;236850;203770;333420;42960;214950
253940;39140;353270;39150;346940;251150;377840;359870;278460
486360;282140;264710;271590;730;504370;242760;251570;435530;283640
460120;294860;251990;282900;347830;385240;403740;351710;387340;353270;251150;411830;282800
367450;346010;285010;473520;320300;284950;292620;233720;453980;4000;220200;387990;333950;467370
39680;245620;57690;23490;310470;245470;313010;354640;294020;24780;336510;242920;203770
335670;391540;292370;327410;214340;221260;340650
6370;504370;386360;570;246280;207230;310380;427270;235340
102600;201790;29800;246420;12810;299260;12710;65800;210770;271590;236110;302270;427270;22230
15100;236870;289650;242050;368500;208480;33230;311560;242640;48190;201870;241930;10150
225640;219990;239220;200710;247950;32800;272470;215530;345180;102500;7520
9420;333420;233250;105450;290790;386070;17480;40100;9450;32470;261470;281990
504980;409720;8870;239140;271590;252950;504370;433850;730;107410;346110;252490;251570
306410;321150;347430
2600;304240
232050;226840;289130;203630;378720;289520;228260
313990;271590;107410;294100;504370;285920;301520;730;214420;293540
296470;252950;312530;331670;397460;200170;4000;261180;245490;42910;204360;207140
322920;220240;298110;371660;274940;104900;70000;407530;253710;19900;346110
486820;260230;225080;387290;35720;261570;384190
265610;213670;405900;282900;70400;296050;351470;485220;23310;353270;251150;278460;377840;233840
226620;339400;266510;238910;360640;342580;427780;327670
297020;357780;3590;246420
239350;250900;212680;113200;249050;248820;241600;384490;269210;428430;364690;268750;357280;234390;364420
364420;212680;249050;248820;241600;384490;269210;467960;434650;200210;428430;264140;364690;268750;314410;239350;105600
388750;411370;376300;45760;310950;245170
233840;327030;200170;265610;435150;252950;326460;293260
384150;
280320;394310;413150;356040;327410;343100
201310;290300;2870;236150;359320;2820
388210;316790
357900;271590;387990;417860
267920;410320;271290;342200
208200;379720;232090;49540
318430;48000
327670;234330;226620;339800;329110;238910
397620;432150;205910;447880;416270;368900;410590;431270
414730;385770;393530;452780;402840;380360;492800;363970;493370;459820;462930;346900;383080
9930;227300;270880;313160;241560;234630;44350;223670;263280;244210;255220;47870;244930;310560;286570;226580;292410;321040;324310;24740;8600;271590;284160;11020
34870;218620;63380;24240;238090;235600;223100;10180;107410;203290;730;212630
99810;49520;394230;8980;223470;233130;41070;9200;261640;246900
467370;3590;367450;222730;339800;239030;346010
274290;282070;388090;239030;332800;319510
212630;218620;235600;238090;271590;272350;34870;203140;243470;63380
11020;245490;375900;232910;113400;271590;504370;252950;9930;47870
203750;337000;238010;228300;271590;311210;55150
10680;273350;220240;298110;371660;201810;274940;214490;350080;253710;67370;17300;232090;49540
214340;239030;232790;421050;400;221260;335670
444480;252410;335240;35720;238460
386420;252410;335240;35720;238460
293540;301520;272350;227700;224600;271290;342200;242720;214420;214190;51100;313990;280790;317470;271590
339470;306760;271590;210970;435150;438040;239030;238460;433340;428690
322520;278080;329050;102500;323470;281690;345350;48720;312780
411830;272510;349040;331600;418340;234670;311730;385730;449800;387340;7510;353270;460120
340650;335670;327410
251170;352460;550;232090;238430;224260
271640;241600;387290;283640
2820;281990;359320;2870;290300;8500;236150;261470;201310
346120;335240;370770;389570;363970;208090;312990;424280
407120;378120;407250;456610;375960;366760;252950
233740;394310;246620;496300;356040;435530;257170
212480;252950;44350;271590;255220;207140
248610;280220;369040;292620;204530;265590;107410;233450;298630;270150;246620
246900;99810;233720;4000;387990;49540
314970;291410;215080;214420;293260
261180;252950;207140;307780;310950;291550;45760;312530;237110;245170;385730;94400;383980;398710;417910;296470
204240;48000
270370;355180;32470;265630;225840;339280;51100
55150;235540;56437;15620;9450;375230;4580;20570;203750;271590
298160;442080;304050;268420;212500;263540;215080;304030;438040
253250;413150;242920;248390;354860;268650;374040;237870;403190
350640;110800;233290;413420;413410;108710;258520
329130;383120;294100;220200;238240;403190;211820
353270;213670;282900;449800;251150;347830;351710;387340;253940;460120;265610;411830;282800
204630;233270;441870;219150;274170
258700;372000;238960;389430;442080;39210;109600;407510;304030;376570;215080;495910;207230;290140;268420;261430;332070;212500;99900;356330;253490;295550;39120;226320
49540;261640;273350;235540;214490;210770;410320;236370;67370;504490;41070;202970;208200;10680;246900;355180;232090
238750;251730;39150;435150;373420
336520;389430;9900;257730;215080;339280;235340;427270
305260;444640;300080;306020;438680;389570;316010;238090;236110;730;227940;390670;231430;427270
10150;267550;115320;311560;241930;208480;200260;33230;201870;307690;15100
22230;331670;449630;357780;299260;65800;246420;252950;3590;102600;201790
282800;293260;404770;360650;353270;426000;351710;460120;282900