570;386360;252950;730;339280;310380;427270;235340;236110;444640;366440;438680;6370
730;570;10;440;393380;107410;33930;222880;359550;240;242860;291480;218620;273350;24240;386360;272350;219640;227940;333930;209650;394230;339610;299360;271290;218230;282350;210770;238090;310380;322500;104900;369200;220260;70000;236370;342200;209080;246620;286940;228400;223100;466910;24960;242720;300;400370;334230;424830;203290;366440;4920;473650;307350;298240;115300;319180;500;370770;42700;262410;10180;209870;449220;270150;371390;265590;6000;485220;209160;202970;7940;457940;473620;504980;313990;457930;486340;34870;305260
377160;257510;9200;234140;22370;22300;22380;241540;8980;8870;43110;286690;264240;7670;287390;17460;233270;19900
271590;8190;113400;55230;12210;12220;12120;301910;9480;225540;365590;243470;234140;241560;20500;50130;259080;202170;204100;29800;250340;318220;307690;50300;9930;11020
275850;264710;359320;242760;383120;211820;371660;2870;332500;313120;290300;305620;236150;227680;383560;24720
550;10090;238430;355180;239140;232090;500;1250;433350;224260;235540;274940;301640;383150;9200;251170
105600;237870;238240;374040;211820;383120;280520;413150;322330;382120;298630;264140;477290;268750;391730;268240;317470;364420;397700
268500;223830;65980;200510;243970;276810
374320;40390;335300;20900;265300;292030;7520;243930;211420;236430;40300;367500
365590;316390;271590;224600;234140;243470;235600
364360;4700;214950;15620;4760;226840;34030;10500;276810;325610;236690;4580;201270;56437;321960;216890
440;730;261640;271290;265630;333930;359550;394230;291480;209080
252950;570;212480;261180;407250;207140;296470;378120;238460;241560;339610;44350;370240;223670;282350;204300;272510;253030;238370;208090;335240;394510;389570;312530;220260;113020;375960;228400;255220;466910;42910;47870;278080;385730;245490;431240;400370;226580;408760;240460;334230;255480;424830;94400;308000;375900;271570;473650;307350;341800;362610;319180;370090;306350;491250;232910;449220;473640;239450;366760;417910;272890;371390;24740;242550;454930;255260;200170;457940;486360;473620;504980;313990;457930;233840;486340;11020;407120;305260
292030;374320;249230;288470;20900;40390;242640;204030;265300;20920;243930;40300;72850;236430;335300;211420;330840;17450;17460;474750
287700;33230;311560;13520;203140;311340;243470;12120;24980;236870;204100;203160;65930
72850;242640;40300;292030;22330;265300;367500;48700;48720;243950
211820;105600;237870;383120;275850;227680;238240;280520;413150;304050;244850;219740;282070;374040;332500;382120;298630;248390;467960;404410;252470;424830;264140;477290;268750;354860;307350;391730;370770;383560;357280;24720;268240;317470;371390;356200;454930;504980;397700;329130
8930;4760;3910;226860;4700;65980;226840;289130;214950;236850;203770;201270;375450;203630;228260;378720;4780
65980;268500;8930;226860;281990;289130;226840;208140;200510;298050;204880;252450;203630;282210;261470;3910
346110;280790;237870;263540;366220;374040;317470;290080;407530;252490;244850;322330;251570;427520;294100;393420;264710;332500;313120;104900;70000;278970;387990;361800;360170;250340;307880;297810;227680;391730;280520;314700;322920
378120;252950;407120;407250;375960;322850;408760;370090;366760;255260
218620;202970;113020;34870;222880;24240;730;500;212630;359550;235600
236430;374320;40390;335300;242640;265300;249230;292030;7520;243930;211420;40300;367500
4000;252490;250340;47890;261640;265630;225840;265930;387990;220260;224540;313160;620;317400;248570;2400;320300;477290;289090;233720;262410;427730;367450;296470;246900
63380;10090;238090;34870;301640;212630;235600;322500;204100
250900;239350;247080;248820;311690;113200
281990;65980;2870;204880;226860;32470;261470;236850;2820;208140;244160;281610;233250;280220;245370;9420
261640;440;4000;49520;620;9200;238370;236370;8980;104900;49540;394230;230410;206420;55230;210770;410320;394510;265630;264240;385830;2400;392050;504490;41070;204450;233270;271570;366440;212070;427730;504980;99810;246900
49520;261640;99810;9200;238370;215530;8980;301910;394230;55230;201790;239220;410320;302270;265630;42910;385830;2400;400370;41070;233270;327030;394690;504980
230410;9900;261640;224600;272350;209870;242720;227700;369200;319150;208090;339600;214190;212070;368750
363970;492800;393530;385770;493370;402840;462930;346900;383080;335240;452780;389570;466910;334230;380360;289090;361190;383030;351470;491250;482920;329110;375460;473630;485220;414730;346120;369000
252490;4000;344760;304930;366220;393420;108600;221100;346110;251570;299740;301520;220240;437220;224540;278970;361800;250340;307880;383560;335330;19900;287920
413150;313160;24010;248390;105600;220260;211820;253250;313340;253650;375950;280320
311210;42700;209870;337000;209650;355180;232090;17300;362890;201810;203750
304930;252490;316390;299740;337950;349700;355840;295110;239140;220240;371660;227700;393420;437220;224540;250400;302830;407530;286940;223100;391460;360170;108600;433350;500;51100;335330;19900;329430;355180;9200;293540
255710;304730;233450;245620;57690;2700;313010;24780;48240;313160;242920;239820;428690;375910;47890;282560;23490;360640;273770;289930;33350
304050;280790;317470;237870;263540;374040;297810;290080;304030;211820;306130;200210;215280;298160
107410;730;393380;33930;203290;222880;242860;65790;359550;240;236390;48700;313160;35450;220260;314160;246620;228400;24960;300;4920;270150;447820
372000;290140;258700;268420;261430;495910;99900;215080;356330;39210;253490
337000;311210;228300;203750;201810;17300;233270;238010;209650;8870;43110;237930;239160;369200;264240;350080;7670;2400;215280;204450;91700;17410
273350;359550;730;291480;10680;49540;24240;394230;500;299360;210770;504490;4920
24240;218620;273350;202970;34870;113020;222880;359550;730;500;104900;235600
241930;40390;102500;32800;242640;40300;249230;33230;7520;243930;265300;289650;242050;368500;208480;302510;388410;311560;115320;48190;201870;15100
243470;365590;287700;8190;271590;242640;12120;20500;236870;301910;235600;234140;225540;311340;307690;212630
239140;550;238430;355180;232090;349700;251570;304930;235540;322330;1250;437220;265550;250400;242760;301640;360170;383150;115320;352460;388870;329430;251170
221100;252490;316390;251570;226700;299740;337950;238430;355840;295110;241540;108600;383560;329430;394690
391220;257510;242640;234140;203160
10;730;300;222880;359550;24960;240;282440;242860;500;209080
379720;208200;201810;298600;233130;362890;283390;397980;13520
291650;228280;346940;325600;230230;300550;373420;257350;32370;17450
394360;64000;25890;244450;236850;34030;42960;10500;231430;214950;325610;203770;363150;201270;375450;4700;105450;251060;318020;222750;270150;392470;305260
295110;304930;221100;251570;226700;299740;337950;349700;241540;250400;305620;108600
206420;313690;261640;225540;265550;55230;301910;9480;405310;410320;267550
359550;730;440;218620;273350;24240;10;393380;107410;222880;24960;291480;242860;500;236370;209080;4920
214950;364360;4700;394360;4760;8930;34030;10500;325610;201270;227520
238960;239220;99900;215530;200710;109600;272470;226320;219990;236110;258970;380600;302270;239070;246280;32800;345180;400170
240;730;10;393380;107410;33930;222880;24960;242860;35450;291480;209080;4920;10180;7940
236390;107410;300;244450;227940;242860;390670;35450;286940;231430;326460;314160;228400;227520;214420;338540
234140;377160;365590;391220;329430;9200;271590;22370;22300;243470;12220;12120;22380;241540;50130;202170;29800
227300;244210;313160;270880;24010;313010;284160;220260;263280;252530;324310
48700;344760;107410;33930;314700;311310;307880;72850;203770;333950;48720;430440
48000;15700;338050;388420;211400;318430;204240
208650;313690;242640;200260;24200;35140;267550;242700;209000
367500;374320;72850;236430;102500;242640;40300;249230;17450;243930;211420;335300;22330;265300;204030;7520;12810;40390
301520;280790;317470;214190;393420;299360;342200;252490;335330;214420;293540;506140;285920;449140;313990
325610;364360;214950;222750;4700;394360;4760;34030;10500;244450;221380;203770;201270;232890;302510;227520;300080;4780
235540;10090;32800;355180;550;272470;239140;232090;243930;49540
389430;442080;258700;261430;376570;109600;339280;39120;290140;304030;287920;200210;368750;290730
236850;281990;394360;3910;4700;25890;310470;8930;203770;42960;363150;375450;392470
232090;550;311210;239140;235540;238430;1250;355180;500;274940;224260;10090;287290;21690;383150;352460;222480;202970;208200;10680;49540
244850;383120;285920;227680;346110;387990;333950;211820;238240;346010;332500;20500;268650
386360;570;339280;246280;730;207230;310380;427270;235340;339610;227520;214190;277950;6370;336520
225540;271590;206420;8190;332310;55230;12210;243470;265930;301910;20500;259080;346010;9480;12120;12200;12220
220240;322920;223100;34870;13520;252490;253710;19900;304930;10680;371660;2400
346900;363970;492800;426000;393530;385770;459820;402840;462930;383080;239820;428690;452780;493370;380360;70400;247020;361280;414730
323470;442080;109600;335300;278080;349040;418340;234670;24200;331600;272510;385730;240460;243950;322520
200510;268500;223830;65980;243970;276810;48220
230230;291650;228280;346940;257350;240760;300550;234650;373420;321960;325600;281640
322330;383120;219740;108600;268750;239140;307880;242760;105600;251570;265550;346110;282070;298630
33930;730;107410;240;48700;393380;222880;242860;65790;35450;24960;300
272350;230410;369200;227700;730;218230;235600;51100;212630;293540;291480;209870;382850;202970
270880;227300;313160;241560;24010;263280;284160;220260;9930;252530
220200;2870;236150;403190;17390;367450;329130
221380;222750;287450;4700;105450;232890;266840;325610;375450;47410;354640;17480;336510;33350
274170;219150;40800;397980;204630
212680;249050;364420;239350;234390;113200;248820
236110;65800;238960;570;246280;239220;339280;302270;235340;427270;201790;210770;389570;466910;444640;334230;246420;214360;306020;438680;482920;357780;221540;102600;305260
313160;413150;227300;270880;4000;324310;24010;313010;107410;220260;263280;255710;282560;284160;289950;252530
261030;339340;287290;319630;429570;330840;250320;207610;330830;376870;237850
240760;230230;346940;300550;234650;239840;268870;237990;223830;38400
319630;261030;429570;330830;237850;330840;207610;421050
359320;275850;8500;2870;236150;2820;290300;17390;404410;212070;24720;201310
244160;287450;6000;32470;245370;266840;204880;281610;281990;267980
383870;258520;221910
207140;252950;261180;245490;94400;242550;204300;312530;362610;306350;414920;239450;296470;212480
442080;389430;323470;258700;261430;212500;376570;356330;109600;39120;332070;290140;39210;438040;306130;9900;207230;24200;295550;298160
205100;8870;242640;238010;239160;368500;7670
231430;394360;236390;222750;64000;244450;25890;375450;105450;326460;318020;305260
219740;322330;264710;234390;294100;268750;242760;211820
35450;240;236390;393380;107410;300;33930;222880;244450;242860;227940;447820
251570;252490;239140;221100;295110;322330;374040;299740;108600;237870;265550;346110;344760;241540;250400;242760;280790;278970;250340;307880;280520;378100;314700;486360
427520;356040;383120;264710;366220;233450;294100;346110;403190;332500;24010;304730
55230;271590;206420;225540;49520;8190;261640;265550;301910;9480;113400;12120
233450;255710;427520;304730;239820;57690;294100;313010;403190;48240;23490;344850;423580;2700;24780;361280;33350;496460;248610
204360;278080;42910;314410;291550;247950;238460;242550;238370;113020;239070;331670;473650;249990;397460;447850;457940;473620;296470;457930;486340;339470
222880;730;218620;107410;24240;10;359550;240;33930;35450;393380;242860;291480;236370;209080;24960;4920;115300;10180;447820;209160
307780;45760;242700;261180;311730;310950;237110;245170;376300;424280
219990;238960;200710;272470;215530;225640;239220;345180;400170;344750
294100;219740;427520;233450;356040;383120;264710;346110;403190;239820;282070;282560;248390;423580;230190;264140;289950;2700;280520;247020;361280;329130
262060;276810;296050;317820;226620
371660;220240;322920;264710;275850;242760;253710;19900;304930;10680
310950;307780;45760;242700;261180;376300;245170;237110;311730;383980;411370;388750
2870;281990;220200;359320;290300;236150;275850;2820;8500;404410;294020;261470;201310
238460;204360;42910;312990;242550;252950;620;204300;335240;35720;206190;271570;268240;356200;35700;444480;397700
316010;255420;291410;256410;257730;205890;213850;410380;232450
250320;261030;110800;330840;207610
255420;316010;256410;257730;205890;213850;410380;293260
291480;730;440;273350;359550;240;272350;393380;10180;203290;222880;227940;286940;218230;342200;51100;333930;273110;299360;225840;369200;209080;391460;390670;500;42700;209870;382850;209160;202970
311690;250900;242680;247080;384490;248820;343100;314410;269210;414580;319180;302010
219640;437220;333930;730;274940;225600
227940;236390;291480;730;203290;286940;300;218230;342200;51100;390670;35450;375450;70000;227520;298240;262410;338540;382850;270150;305260
245620;255710;375910;232890;57690;23490;310470;313010;39680;48240;363150;245470;262280;24780;42960;33350
213670;353270;265610;11450;224060;223470;12810;12200;221260
227700;230410;272350;304930;113400;224600;355840;298240;218230;337950;293540;259080;242720;319150;382850
393420;252490;301520;280790;304930;366220;299740;346110;387990;344760;437220;278970;214420;250340;335330
359870;39140;372360;39150;251150;292120;345350;377840;351970;294860;282900;347830;292140;441830;351710;253940
344760;252490;48700;366220;314700;290080;307880;237870;251570;393420;333950;327070
333930;440;219640;299360;355840;382850;730;337950;218230;394230;291480;391460;369200;209080;242720
1250;550;232090;10090;355180;239140;224260;238430;500;274940;383150
437220;219640;304930;299740;337950;239140;349700;252490;393420;355840
20920;292030;17450;20900;242640;204030;330840;243930;265300;312780
291550;204360;45760;261180;424280;383980;204300;312990;94400;249990
258970;200710;249990;238960;215530;272470;239070;247950
209650;311210;10180;209870;202970;730;218230;7940;209160;203290;337000;302510
236870;287700;243470;33230;311560;242640;368500;203140;311340;289650;201870;15100;48190;50130;202170;65930
241560;270880;24740;47870;310560;271590;44350;252950;220260;9930;263280;234630;292410;320300
289650;236870;311560;241930;208480;242050;242640;33230;201870;368500;15100;48190;235600
335300;374320;236430;367500;323470;40390;40300;242640;265300;249230;7520;211420;292030;243930;48720
394230;440;261640;49520;273350;333930;99810;730;8980;299360;310380;366440
201810;337000;8870;350080;311210;10680;379720;204450
203770;48700;236850;25890;4700;394360;310470;8930;42960;325610;4780;363150;245470;48720;392470;39680
39210;442080;258700;261430;306130;212500;215080;39120;345350;268420;292140;372000
363150;105450;394360;245620;236850;203770;48720
265550;206420;322330;251570;55230;250400;239140;287290;329430;360170;301910;115320
224600;365590;230410;227700;316390;9900;355840;337950;293540;349700;218230;8980;504490;9200
211420;374320;236430;367500;335300;40390;40300;242640;265300;292030;7520;243930
8870;205100;201810;337000;238010;350080;377160;7670;220
226840;364360;8930;65980;228260;378720;297000;232050;289130;276810;321960;203630;48220;281640;290340;289520
266840;221380;244160;287450;251060;222750;105450;9450;232890;297000
274940;232090;219640;322920;238430;550;1250;10680
224540;4000;250340;299360;299740;252490;302830;335330;304930;385830
391540;335670;331470;376870
289130;8930;65980;226840;228260;378720;226860;232050;276810;208140;321960;203630;48220;98200;286120;238910;290340;289520
22370;377160;234140;257510;9200;22300;22380;22330;8980
234630;244210;241560;310560;226580;284160;255220;44350;9930;263280;47870;370240;223670;282350;391040;244930;286570;408760;320300;306350;252530;324310;8600
339610;386360;380600;407250;730;252950;370240;282350;220260;255480;506140;240460
620;261640;257510;4000;35700;32440;8980;400;238460;438640;317400;427730
213850;316010;255420;256410;257730;410380;293260;236690;290340
265930;4000;225540;332310;284160;387990;220260;346010;20500;8190
273110;224260;355180;225840;391460;433350;291480;319150;10090;42700
241540;377160;234140;329430;299740;108600;221100;301640;251570;295110;360170;22300;239840;356040
203160;391220;287700;243930;24980;203140;302510
244450;394360;236390;325610;231430;35450;222750;64000;251060;34030;447820
351970;372360;292140;359870;340170;345350;377840;272510;349040;441830;23310
109600;238960;389430;323470;442080;258700;261430;9900;376570;39120;332070;304030;212500;438040;226320;306130;427270;113400;24200;290140;215280;356330;295550;298160
201270;222750;214950;4700;364360;394360;4760;8930;34030;10500;325610;4780
201790;236110;65800;49520;210770;302270;306020;102600;427270;29800;42910;11450;246420;214360;296490;299260;12710
438040;442080;261430;212500;263540;376570;215080;109600;339280;39120;235340;506140;47410;383030;482920;290730;298160
242920;232890;310470;403190;255710;33350;39680;496460
407510;258700;268420;495910;99900;295550;277950;226320;207230
44350;241560;234630;24740;47870;212480;252950;223670;255220;9930;370240;282350;244210;391040;310560;286570;226580;240460;292410;375900;306350;232910;324310;8600
370240;339610;222750;234630;44350;252950;255220;431240;282350;220260;255480
43110;337000;287390;286690;377160;214490;350080;9200
363680;216890;9450;245370;15620;4570;242570;20570;4580;281610;56437;449140;55150
250400;265550;299740;108600;239140;349700;251570;295110;360170;304930;221040;278080;21690;329430
383080;363970;346900;426000;492800;459820;393530;385770;452780;402840;493370;462930;466170;449680;385240;403740;414730
10500;364360;394360;214950;325610;201270;4700;251060;4760;34030;42960;4780
226320;238960;407510;109600;99900;246280;239220;24200;339280;207230;9900
330830;261030;319630;376870;207610;237850;429570;232790;330840
299360;301520;333930;224540;273350;730;218230;214420;335330;394230;291480
306130;39210;442080;304050;356330;212500;40300;109600;39120;304030;22330;215280;7520
214490;238320;287390;286690;10680;49540;43110
242760;275850;322330;219740;371660;305620;264710;313120;239140;251570;307880;383560;378100;486360
223670;44350;234630;310560;232910;226580;252950;255220;9930;391040;286570;375900;306350;8600
271290;440;209870;730;218230;342200;369200;293540;338180;267920
407250;252950;378120;339610;407120;375960;236690;380600;506140;244930;240460;366760
20900;374320;292030;20920;288470;249230;242640;204030;330840;243930;265300;17450;40390
218230;272350;291480;227940;227700;333930;209650;299360;271290;224600;382850;730;342200;51100;369200;310380;298240;209870;6000;202970
292120;359870;39140;228300;292140;39150;251150;345350;243930;23310;377840;24980;441830
377840;359870;351970;292120;39140;372360;39150;251150;373420;345350;347830;292140;441830;351710;23310;265610
282350;339610;370240;222750;234630;730;44350;251060;252950;220260;236690;385730;240460;255480
113200;250900;212680;249050;239350;234390;248820;384490;467960;242680
209000;208650;313690;242700;24200;200260;35140;267550;224060
57690;255710;233450;245620;375910;23490;310470;313010;24780;48240;304730;245470;2700;39680
265300;374320;292030;72850;236430;241930;367500;20920;335300;211420;20900;40390;242640;249230;7520;243930;40300;288470;257850;388410;107100
249230;292030;236430;241930;367500;335300;20900;265300;40390;242640;204030;40300;243930;102500;288470;22330;7520;12810
290080;346110;304050;344760;383120;263540;366220;374040;314700;307880;317470;333950;280790;361800;297810;430440;474750;327070;287920
242050;289650;33230;311560;241930;208480;242640;201870;368500;15100;48190;311310;326410;512470;3920
427270;570;386360;236110;201790;339280;109600;39120;277950;376570;235340;239220;389570;65800;302270;444640;246280;438680;6370;102600;336520
239820;233450;304730;245470;294100;313010;220260;346900;255710;344850;247020;273770;361280;289930
238430;550;239140;221100;232090;1250;274940;355180;500;224260;226700;349700;383150;352460;251170
282070;274290;305620;294100;298630;322330;356040;211820;211400;376870;260230;246620;496300;467960;2400;338050;477290;292620;214560;360640;474750;247020;357280;342580;487220;453980;447850;435530;454930;335670;357900;339470;233740
373420;291650;230230;228280;325600;276810;377840;257350;365360;238750
428690;426000;47890;313010;220260;433340;346900;255710;431240;331670;247020;487220;453980;385240;363620;394690;447850;339470
264710;275850;219740;427520;294100;371660;242760;237870;346110;313120;17390;305620
210770;201790;65800;202970;261640;236110;273350;730;302270;8980;214360;306020;275670;299260;221540;102600
375450;4700;105450;221380;394360;227940;8930;236850;242860;231430;4780
12210;271590;225540;8190;9480;12220;12120;20500;307690;301910;50130;202170;318220
375910;245620;57690;313010;255710;403190;310470;271240;48240;281610
239220;238960;236110;226320;200710;99900;49520;215530;427270;219990;65800;302270;444640;438680
281610;244160;363680;204880;375910;9450;245370;32470;281990;290790
204300;207140;242550;252950;291550;238460;113020;271570
346940;291650;230230;240760;39140;234650;300550;237930;237850;268870;253940
263280;227300;270880;313160;241560;234630;244210;310560;284160;324310;220260;9930
226700;221100;295110;316390;299740;337950;238430;355840;319150
200710;238960;219990;258970;239220;272470;215530;225640;65800;302270;239070;247950;32800;345180;400170
244210;227300;234630;263280;24740;310560;284160;255220;44350;9930;391040;244930;286570;226580;408760;292410;362610;252530;422100;324310;8600
385770;363970;346900;492800;380360;414730;493370;393530;462930;383080;452780;402840;383030;329110;375460
302830;224540;316390;355180;391460;335330;304930;433350;349700
102500;241930;367500;40390;242640;249230;40300;7520;204030;225640;243930;388410;32800;312780;322520
393530;363970;346900;383080;385770;492800;459820;414730;493370;380360;402840;462930;452780;482920;407750
272510;323470;411830;45760;349040;418340;234670;252950;311730;331600;351970;225600
330840;261030;250320;20920;20900;292030;429570;207610;319630;330830;237850;376870
237930;346940;39140;228300;107100;300550;243930;234650;237850;337000
238090;63380;34870;730;301640;235600;203140;212630;305260
47890;4000;428690;332310;2700;313010;387990;220260;48720;255710;218680
56437;363680;364360;9450;15620;4570;20570;55150;4580
380600;339610;407250;24010;314160;238960;332070;253710;220260;244930;240460;255480
403190;220200;427520;233450;294100;242920;375910;423580;356040;253250;329130
346010;265930;367450;332310;244850;285920;284160;387990;333950;225540;285010;473520;275470;361190;284950;491250;473630;485220;467370
383120;275850;105600;211820;244850;322330;427520;294100;290080;237870;238240;227680;332500;313120;17390;252470;289950;268650;383560;24720;285920;449140;329130
208580;17450;6000;17460;32430;6060;32370;6020;24980;228280;32470
225840;4000;273110;316390;355180;265630;349700;291480;433350;224260;317400;466910;385830;262410;270370
374040;105600;346110;304050;251570;290080;317470;237870;366220;297810;211820;332310;280790;361800;227680;268650;253250
236690;364360;407250;282350;216890;293260;242570;213850;276810;247000;321960;375960;246620;48220;248570;255480;286120;360640;272890;233840;314970
304030;304050;389430;109600;306130;290140;258700;261430;263540;376570;356330;39120;268420;287920;8500;326410;512470;212500;327070;295550;298160
220;8870;70;362890;7670;290930;400;283390;17300
253030;252950
238370;261640;49520;285160;252950;204360;42910;242640;12810;39120
376870;261030;330830;391540;282070;429570;330840;237850;207610
332500;427520;244850;275850;238240;366220;346110;360170;211820;383120;265590
249050;212680;113200;239350;234390;364420;247080;467960
310380;570;386360;8500;4920;730;218230;394230;212070;339600;214190;6370
226860;8930;65980;281990;289130;3910;208140;298050;204880;252450;282210;228260;378720;261470
288470;292030;20900;40300;204030;249230;265300;243930;11450;12200;12710
210970;257510;219890;258520;306760;433340;405950
282440;10;350280;338170
208090;338180;230410;224060;209870;242720;252950;113400;346120
239030;214340;285010;473520;284950;405950;427780;467370;274290
313120;242760;264710;333950;383120;275850;346110;305620;278970;387990;289950
349040;323470;272510;411830;45760;418340;234670;449800;281690;311730;331600;351970;225600
249130;285160;313690;405310;214510;32440;438640;267530;332310;267550;224060
410320;41070;206420;49520;261640;49540;394510;267920
282560;313160;289950;294100;2700;313010;24780;220260;255710
301910;271590;49520;243470;206420;225540;55230;12210;8190;265550;224060;9480;223470;259080;11450;12200;12220
311340;287700;236870;33230;311560;242640;203140;243470;12120;204100;235600;50300;24980;65930;416170;212630
293260;255420;213850;236690;256410;257730;247000;290340;404770;205890;262280;317820;378720;216890;200170;233840;314970
23490;245620;57690;310470;313010;24780;233450;39680;255710;245470
232890;221380;245620;266840;242920;105450;310470;313010;325610;47410;48240;287450;354640;336510;496460
242700;208650;307780;310950;209000;45760;24200;200260;35140;237110;245170;383980;376300
290300;2870;236150;275850;359320;2820;404410;201310
234650;230230;240760;346940;237930;300550;268870
260230;282070;387290;261570;257510;211400;486820
57300;238320;282140;268050;354140;332800;388090;218640;382300;319510;108710
391040;244210;234630;310560;232910;44350;8600;223670;408760
32370;208580;291650;6000;32470;17460;32430;6060;6020;17450;257350;24980
17390;220200;383120;264710;359320;332310;24720;232810
335240;317470;389570;339280;363970;346120;246280;265630;252950;238460;466910;449630;482920
4700;364360;8930;214950;325610;236850;221380;203770;201270;10500;375450;394360;310470;4760;34030;4780;300080;42960;3910
20500;243470;225540;12210;8190;284160;271590;244850;265930
322500;730;63380;292620
45760;307780;310950;291550;272510;349040;242700;261180;237110;376300;245170;234670;311730;383980;411370;264200;388750
382120;257510;35700;387290;105600;211820
452780;492800;459820;363970;380360;493370;393530;385770;402840;462930;346900;414730;383080
233250;32470;15620;261470;386070;40100;9420;290790;281990;268870;368750
9900;230410;224600;109600;442080;99900;261430;212500;376570;39120;226320;339600;8500;404410;24200;215280;268420;212070;368750
248820;250900;311690;239350;212680;234390;268750;314410;113200;364420;247080;241600;269210;434650;200210;242680
394510;252950;410320;261640;249990;42910;271570
50130;271590;234140;12210;12220;12120;202170;307690;236870;204100;318220;308000;50300
241600;239350;248820;364420;233980;252410;236090;271640
389570;335240;466910;252950;339280;236110;363970;265630;427730;39120;427270;326460;506140;334230;306020;482920;346120
261570;260230;256290;236090;387290;329380;283640;218680;486820
39120;389430;442080;39210;109600;438040;306130;427270;304030;238370;9900;389570;356330;261430;212500;263540;339280;332070;376570;113400;200210;24200;290140;268420;99900;295550;287920;298160;258700
8190;271590;243470;225540;55230;12210;301910;20500;332310;265930;259080;9480;12120;12220
105450;221380;363150;266840;375450;232890;222750;287450;394360;231430;48240;318020;4580;354640;17480;40100;336510;33350
311310;48700;3920;242050;251060;326410;390670;268650;512470
104900;261640;24240;322920;70000;730;8980;346110;319150;504490;4920
384490;311690;364420;239350;247080;113200;314410;473650;487220;449220;453980;447850;457940;473620;457930;486340;339470
239160;205100;337000;238320;242640;368500
376570;389430;442080;109600;438040;427270;304030;9900;258700;261430;212500;39120;268420;8500;24200;394690
312530;242550;261180;252950;312990;274190;207140;296470;298520;327030;370770;414920;239450
294860;251150;351710;359870;460120;405900;282900
321960;297000;364360;230230;226840;281640;23310;289130;276810;236690
326460;389570;236390;298240;214420;231430;327030;370770;485220;233840
257850;107100;265300;250760;243930
237110;307780;45760;242700;261180;310950;424280;248570
113400;271590;55230;227700;208090;9480;39120;242720;109600;12220;259080;214190;212070;394690;11020
332310;225540;265930;47890;346010;17390;8190;285160;250340;405310;374040;313690;214510;249130;32440;387990;438640;267530;12200;24720
65800;236110;201790;210770;200710;249990;42910;302270;239220;427270;214360;221540;102600
298050;226860;245370;65980;32470;208140;252450
40800;274170;250760;205230;219150;357280;264200;397980
10090;550;63380;235540;1250;42700;273110;350080;355180;232090;391460;70000;301640;115300;500;10180
221910;383870;221260
6060;208580;32370;438640;6000;32470;6020;392050;65930
251060;266840;244450;10500;282350;311310;222750;64000;394360;65790;34030;220260;246620;47410;228400;318020;300080;390670;424830;17480;307350;491250;338540;449220;371390;457940;313990;486340
368500;205100;236870;289650;242050;239160;311560;241930;208480;242640;33230;15100;201870;48190
302270;236110;201790;210770;65800;238960;49520;239220;200710;427270;246420;214360;306020;438680;221540;102600
8980;377160;261640;49520;394230;22370;620;210770;104900;41070;99810;9200;224600;22380;22300;233270;366440
369200;230410;272350;271290;218230;209870;337000;333930;730;342200;51100;291480
203140;287700;236870;311340;311560;238090;242640;203160;235600;204100;212630
220260;4000;413150;227300;270880;313160;241560;339610;265930;370240;282350;239820;428690;263280;47890;380600;282560;222750;730;107410;251060;313010;252950;314160;246620;24010;248570;245490;431240;334230;398680;320300;289090;361190;284160;473650;289950;369040;313340;360640;360650;262410;491250;247020;342580;487220;449220;453980;252530;253650;447850;375950;473630;324310;255260;457940;473620;457930;357900;486340;339470
223470;213670;233130;99810;12200;301910;341940;224060
282880;339800
70000;104900;322920;10090;730;227940;346110;319150;350080
113020;218620;24240;252950;249990;204360;204300;269210;369040
235600;365590;218620;63380;24240;243470;272350;238090;311340;203140;34870;242640;212630;289650;236370;65930
375960;378120;407250;407120;252950;236690;370090
329050;220440;281690;235460;243930;322520
268050;108710;339340;238320;57300;287290;304240;354140;21690;254700;218640;222480;319510
208480;289650;242050;368500;311560;241930;242640;33230;201870;15100;48190
48240;255710;233450;245620;57690;375910;105450;232890;310470;313010;271240;24780
280790;346110;304050;301520;393420;317470;237870;374040;314700;290080;251570;506140;407530;361800;263540;297810;366220;391730;482920;287920;293540
204880;281990;244160;281610;4920;226860;245370;32470;261470;65980;386070;208140;290790;9420
236370;261640;393380;6000;222880;359550;730;500;49540;235600;392050;202970
304240;222480;268050;286690;339340;254700;287390;301640;287290;429570;316790;2600
355840;304930;221100;227700;333930;437220;224600;226700;316390;299740;349700;337950;391460;224260;433350;51100;335330;9200;287920
301640;63380;241540;238090;304240;222480;10090;355180;550;239140;287290;221040;339340;21690;254700
15620;364360;363680;56437;233250;216890;9450;55150;4570;20570;4580;268870;265590;242570
394310;233740;356040;343100;280320;385730;322850;240460;247020;463180;361280;417910;255260
349700;304930;239140;295110;437220;224600;250400;302830;225840;355840;355180;238430;337950;224260;286940;265630;391460;253710;433350;382850;316390
259080;225540;8190;113400;271590;355180;227700;301910;293540
310470;236850;245620;203770;242920;57690;375910;23490;232890;4700;48240;313010;42960;39680;245470;300080;25890;271240;336510;4780;392470
331600;323470;272510;349040;411830;278080;418340;234670;281690;449800;345350;385730
202170;50130;271590;234140;12210;12220;12120;307690;236870
506140;280790;317470;389570;482920;407250;301520;438040;339610
314160;380600;222750;236390;107410;220260;212070
325600;291650;373420;228280;230230;272470;257350
342200;301520;291480;227940;271290;218230;369200;209870;203290;730;51100;293540;214420;298520;267920
251730;238750
208140;65980;281990;289130;226860;298050;204880;3910;252450;282210;368750
297000;226840;321960;251150;266840;276810;281640
282140;57300;238320;332800;388090;257510;275470;382300;378100;486360
402840;363970;346900;393530;452780;492800;385770;414730;459820;462930;383080;380360
204100;287700;311340;50130;271590;110800;203140;12120;24980;63380;50300
304650;258520;467960;215280
209080;10;4920;393380;440;222880;333930;359550;730;500;291480;240
246620;222750;107410;299740;282070;251060;313010;730;276810;220260;236690
215080;372000;39210;438040;356330;268420;263540;258700;48220;298160;336520
245170;307780;310950;45760;242700;261180;311730;94400;383980;411370;376300;424280;388750
257510;377160;391220;22370;620;210970;260230;382120;258520;282140;22380;317400;264240;433340;22300;400370;400;17460;424830;308000;477290;205950;12200;275470;32430;473650;405950;225080;237850;292620;383560;487220;449220;453980;384190;447850;371390;219890;454930;457940;486360;473620;504980;313990;457930;486820;357900;486340;203750;339470
9480;271590;206420;55230;12210;301910;113400;8190;12220;12120;225540;312780
290790;281610;233250;204880;9450;40100;271240;386070;9420;4920
322170;357280
274190;312530;312990;250180;370770;414920;382490
333950;48700;244850;344760;290080;346010;313120;285920;314700;387990;268650;284160;289950;430440;367450
350280;338170;282440
286690;43110;214490;304240;350080;287390;13520;377160
407530;346110;280790;322920;304930;299740;337950;287920;332070
286940;236390;291480;227940;203290;355180;337950;730;349700;304930;391460;223100;253710;390670;115300;51100;42700;209870;382850
47410;232890;222750;354640;221380;251060;313010;336510;300080;438040;276810;449140;290730
305620;242760;282070;264710;275850;313120;295110
34030;364360;394360;214950;325610;201270;10500;4700;251060;222750;244450;4760;64000;42960;25890;3910;4780;392470
207610;261030;250320;330830;330840;376870;429570;319630;287290;435530
278970;313120;346110;252490;251570;393420;299740
387990;4000;244850;393420;265930;47890;346010;332310;333950;250340;285920;313120;346110;433340;248570;318220;289090;289950;268650;383560;427730;367450;246900
24010;413150;227300;270880;313160;380600;304730;427520;313010;284160;220260;252530
339600;404410;9900;230410;245370;449140;386070;310380;212070
228400;222750;236390;252950;107410;251060;730;212070
22380;377160;234140;22370;257510;9200;8980;22300;22330;264240;204450
228280;291650;230230;373420;325600;257350;208580
361800;280790;317470;263540;366220;374040;290080;346110;252490;327070;297810
221040;222480;21690;254700;250400;301640;287290;319150;302510;339340;504490
236450;
287290;261030;265550;268050;304240;301640;207610;221040;222480;339340;21690;254700;232090;429570
8500;359320;310380;2870;9900;236150;2820;376570;368750;304030;212070
252450;226860;245370;65980;208140;298050
35720;249990;225080;35700;238460;271570;405950;444480
317400;257510;620;4000;355180;265630;225840
393380;730;107410;359550;240;33930;35450;222880;291480;236370;209080;300;242860;24960;65790;203290;270150;447820
255220;234630;44350;370240;223670;244210;24740;47870;310560;252950;9930;286570;226580;375900;8600;212480
223100;220240;42700;202970;10180;34870;286940;730;17300;304930;115300;19900;7940
265630;440;4000;225840;335240;389570;317400;316390;49520;261640;355180;349700;433350;204450;427730;270370
496300;233740;356040;282070;298630;248390;434610;296490
326410;311310;3920;242050;264140;304030;252470;512470;294020;375460
466910;389570;225840;335240;246280;236110;363970;730;444640;252950;433350
200260;208650;209000;242700;242640;313690;24200;35140;267550
495910;372000;407510;258700;268420;261430;207230;253490
269210;113020;242680;200210;248820;311690;314410;239350;364420;239070;434650;382490
203630;228260;378720;289130;65980;226840;232050;8930
207230;386360;407510;226320;495910;442080;258700;290140;246280;261430;242720;235340;225600;277950;253490;6370
247000;236690;293260;256410;216890;290340
339280;570;389430;386360;236110;438040;226320;427270;335240;389570;39120;246280;390670;277950;235340;227520;366440;99900;290730;6370;270370;336520
304730;255710;233450;239820;24010;427520;57690;313010;24780;423580;2700;273770;289930
282210;226860;65980;208140
493370;363970;385770;393530;452780;492800;459820;380360;462930;346900;383080;414730
238010;337000;205100;8870;228300;203750;17300;233270;264240;91700;17410
298630;282070;496300;356040;391730;268750;248390;322330;105600;211820;280520;369040;248610
280220;204530;248610;245370;261470;281990
418340;323470;272510;349040;331600;411830;243930;281690;345350;225600;234670;311730;278080
248390;413150;496300;298630;294100;253250;211820;280520;307880;264140;366220;391730
9450;266840;363680;281610;56437;15620;290790;17480;4570;20570;55150;9420;4580;40100;267980
24960;10;359550;240;393380;33930;203290;107410;222880;730;242860;65790;6000;209160;202970;7940
302510;241930;32800;209650;242640;449800;32430;243930;203160;221040;325610;48190
4570;363680;56437;15620;9450;17480;20570;4580;40100;267980;242570
354140;268050;238320;57300;319510;388090;332800
205230;233980;314660;40800;206190;283640
227520;386360;339280;214950;246280;4760;227940;390670;325610;236390
29800;65930;271590;242640;234140;102600;201790
264240;257510;337000;261640;22380;17460;24980;238010;377160
290930;362890;70;7670;220
225600;234670;349040;418340;242720;219640;94400;207230;235460;272510
329380;214560;314660;261570
285010;3590;367450;239030;346010
318020;222750;394360;105450;4580;251060;231430;270150;40100
339340;261030;268050;304240;287290;222480;21690;254700;301640;221040;429570
42910;204360;238460;238370;394510;65800;49520;285160;414920;252950;249990;296470;201790;341800;397460
404770;232450;329110;293260
233980;205230;241600;236090
242720;230410;208090;113400;207230;225600;333930;298240;227700;730;293540;214190
341940;218640;338180;223470
467960;249050;282070;268750;113200;304650;364420;211820
391460;333930;273110;302830;10090;286940;316390;355840;382850;355180;349700;51100;304930;291480;383150;433350;298240;42700
350080;201810;8870;10090;286690;42700;70000;337000;10680;43110;67370
433340;428690;257510;210970;244930;387990;298600;384190;361190;354860;473650;491250;383560;447850;473630;473620;457930;486340;339470
312990;238460;312530;274190;242550;250180;291550;370770;382490;239450;346120
234670;323470;272510;349040;331600;225600;411830;45760;418340;281690;311730
404410;339600;290300;2870;9900;359320;24720;211820;252470;294020
224260;550;232090;1250;273110;238430;225840;349700;316390;355840;355180;433350;352460;500;251170
339800;282880;331470;426000;459820;473520;234330;339160;329110;429280;327670;467370
47870;241560;234630;44350;255220;24740;252950;9930;292410;11020
48220;200510;226840;215080;289130;276810;236690
298600;433340;379720;205950;234190;391740
385830;49520;394690;261640;225840;224540
219150;274170;40800;397980;204630
263540;346110;304050;438040;290080;304030;39120;215080;361800;280790;317470;356330;287920;200210;307880;297810;430440;327070;314700;298160
110800;250320;204100;350640;233290
4760;364360;8930;214950;325610;201270;10500;4700;34030;227520;4780;287450
239070;258970;238960;249990;200710;314410;204360;269210
434650;248820;268750;314410;269210;364420
388410;102500;241930;242640;265300;7520;243930;340170;345350;115320
405900;294860;265610;251150;351710;282900;23310
232790;330830;237850;214340;421050;334120
32470;281990;244160;281610;32370;233250;298050;6060;204880;438640;6000;245370;6020;208580;267980;265590;9420;270370
205890;316010;255420;232450;291410;256410;257730;410380;293260
462930;363970;346900;385770;393530;452780;402840;493370;426000;459820;383080;414730
386070;233250;204880;290790;339600;245370;40100;9420;271240;449140
200210;269210;389430;364420;39120;263540;248820;268750;304050
311730;307780;272510;349040;245170;234670;411830;45760;418340;310950
428430;239350;268750;364420
360170;265550;241540;250400;332500;239140;329430;346110;304930;115320
24200;208650;323470;226320;209000;242700;200260;442080;261430;212500;9900;376570;109600;35140;39120;240460;215280
417860;331470;327410;357900
278080;323470;204360;331600;250400;418340;252950;281690;322520;243930;247950;312780
466170;459820;383080
244930;433340;380600;234630;244210;407250;253710;9930;310560
235460;329050;225600;220440;281690;243930
473520;3590;367450;222730;339800;239030;346010
214420;301520;299360;326460;236390;393420;285920;298240;342200;335330;293540;313990
287450;221380;244160;266840;105450;222750;4580;4760;232890
290140;372000;389430;442080;304030;207230;258700;261430;356330;109600;39120;268420;212500;253490;295550
276810;268500;364360;200510;262060;226840;289130;373420;236690;321960;297000;246620;47410;48220;216890;228260;300080;243970;291410;98200;286120;345220;378720;360640;360650;243950;365360;200170;232050;233840;314970;238750
39140;359870;292120;377840;346940;237930;372360;39150;251150;23310;292140;38400;253940
248570;237110;233720;4000;424280;264200;387990;220260;236690
300550;291650;230230;240760;346940;237930;234650;223830;243970;268870;237990
310560;241560;234630;223670;263280;244210;391040;255220;244930;44350;284160;9930;286570;226580;408760;320300;306350;252530;8600
256290;261570;251150;236090;387290;243930
228260;226840;289130;203630;226860;8930;276810;232050
108600;252490;322330;251570;241540;250400;299740;221100;329430;295110;304930;239840;356040;257170
426000;346900;383080;428690;339800;462930;459820;387340;363620
340170;351970;388410;372360;292140;251150;345350;243930;107100;449800;312780
7670;205100;8870;220;290930;337000;377160;283390;13520
33230;287700;241930;236870;289650;242050;311340;368500;208480;311560;242640;15100;201870;48190
253710;220240;371660;380600;244930;322920;286940;349700;51100;10680;255480;262410
22300;377160;234140;22370;22380;257510;9200;8980;22330;241540;6020
17450;367500;20920;208580;20900;242640;292030;291650;243930;32370;312780;243950
257350;291650;230230;325600;228280;32370;373420
421050;319630;214340;232790
245470;239820;251990;245620;57690;23490;313010;310470;203770;42960;39680;344850
444640;466910;236110;570;305260;239220;306020;427270;438680
243930;374320;292030;236430;241930;367500;235540;20920;335300;211420;203160;20900;292120;265300;249230;102500;237930;288470;257850;329050;418340;302510;388410;278080;235460;256290;340170;17450;242640;7520;345350;204030;516230;400370;107100;11450;17460;449800;266510;308000;32430;220440;32800;24980;225080;272470;237850;12810;228300;12710;40390;400170;344750;40300;454930;7510;504980;322520
236150;220200;359320;2870;290300;8500;275850;2820;252470;201310
286570;244210;234630;310560;44350;8600;226580;223670;255220;9930
246280;386360;236110;226320;335240;466910;207230;339280;227520;317470;238960;427270;235340;277950;482920;6370
438640;620;249130;332310;6060;32470;285160;313690;405310;214510;32440;267530
21690;221040;287290;339340;222480;268050;254700;232090;250400;301640;504490
251990;245470;460120;351710;282900
344850;239820;245470;233450;313010
204030;292030;20920;20900;249230;102500;288470;242640;367500;243930;40300;11450;22330;12200;12810
35140;208650;209000;242700;200260;24200;242640;313690;267550
385730;411830;394310;323470;261180;240460;252950;94400;331600;282350
423580;356040;304730;233450;294100;313010;403190
233130;223470;99810;379720;224060
345350;359870;39210;351970;292120;331600;418340;388410;340170;243930;372360;292140;251150;377840;107100;449800;312780;7510;322520
245490;207140;375900;11020;232910;252950;220260;296470
431240;370240;394690;252950;334230;220260;428690;272890
2400;49520;282070;220240;261640;242640;427730;4000;19900;337000;334230
516230;242640;257730;243930
432150;368900;447880;416270;410590;397620;431270
322850;394310;378120;255260
300080;47410;222750;4700;251060;276810;310470;305260;325610;48720
390670;236390;227940;311310;339280;227520;203290;251060;286940;338540;291480;512470;277950;235340;305260
429570;261030;319630;330830;330840;376870;207610;339340;304240;287290;237850
283640;205230;387290;261570;364690;271640
254700;304240;221040;287290;339340;21690;222480;268050;301640
300;10;236390;35450;227940;393380;730;33930;107410;242860;447820
400370;49520;257510;730;242640;252950;243930
65790;107410;33930;251060;24960;222750;393380;242860;203290
397060;257730;410380;436150
226580;234630;223670;286570;244210;310560;44350;252950;255220;9930;8600
243970;268500;200510;300550;98200;268870;276810;238910;234190
408760;244210;378120;234630;310560;391040;232910;252950
291410;316010;205890;257730;276810;256410;345220;232450;314970
311560;287700;236870;289650;242050;311340;368500;203140;208480;33230;241930;242640;201870;15100;48190
240460;385730;380600;394310;323470;252950;44350;407250;24200;282350;339610;417910
107100;237930;257850;265300;236090;243930;340170;345350
334230;431240;482920;236110;389570;730;363970;252950;394690;2400;220260;485220
250340;4000;224540;332310;387990;252490;271590;393420;346110;251570;335330
6020;208580;32370;6060;32470;6000;32430;22300
222750;325610;221380;231430;266840;244450;201270;370240;282350;105450;251060;220260;314160;246620;47410;34030;228400;318020;287450;300080;65790;64000;394360;230190;268870;289950;360640;40100;360650;247020;342580;270150;265590;290730;20570;357900;248610;270370;305260
383150;238430;355180;550;239140;232090;1250;391460
205910;400;416270;368900;397620
11450;213670;285160;288470;242640;204030;262280;243930;12710;12810;301910;201790
338050;282070;48000
262280;11450;230190;70400;245620;313010;12710;12810;293260;271240
287390;43110;214490;304240;286690;13520;10680;377160
400;620;205910;257510;214340;221260;17410;220;416170
252470;404410;383120;236150;326410;227680;211820;238240;264140;512470;449140;257170
255480;339610;370240;380600;252950;253710;282350;236690
247080;250900;311690;249050;248820;384490;343100;242680
282900;294860;405900;251990;353270;265610;251150;351710;347830;359870;387340;460120;70400;441830
414580;311690
339400;343100;238910;226620
292410;24740;47870;241560;244210;44350;12220;9930
48720;48700;363150;47890;300080;335300;307880;72850;203770;312780;430440;394690;322520
4580;364360;363680;56437;15620;9450;4570;318020;287450;17480;105450;20570;55150;40100;267980
12120;271590;287700;243470;234140;12210;311340;50130;202170;204100;9480;8190;12200;55230;12220;225540;318220;307690;50300
17460;208580;32370;264240;257510;377160;292140;292030;243930;24980;65930
278460;307070;341310;253940;265610
424830;257510;252950;242640;299740;251060;245370;730;211820
242860;730;107410;10;359550;240;236390;33930;35450;222880;375450;393380;24960;300;65790;447820
398680;220260
318220;50130;271590;12210;387990;12220;12120;307690
94400;207140;225600;385730;245170;261180;252950;291550;383980;424280;417910
434250;338170
230190;262280;222750;232810;294100;313010;24720;222730
67370;350080;338180;208200;10680;49540;388870
203290;107410;291480;227940;209650;342200;286940;24960;390670;393380;730;51100;65790;298240;262410;270150;209160
449800;349040;331600;302510;353270;411830;32800;243930;340170;345350;115320;224060;218640
215280;304050;306130;212500;9900;24200;109600;258520;304650;337000
313690;206420;208650;209000;249130;332310;200260;438640;35140;285160;405310;214510;32440;267530
433350;550;273110;302830;225840;265630;466910;224260;316390;355840;355180;337950;349700;304930;391460;500;42700;262410
307690;12210;50130;202170;318220;271590;243470;12220;12120;115320
266510;378720;39150;257730;344750;243930;226620
383980;291550;94400;45760;310950;261180;242700;245170
256410;316010;255420;213850;293260;247000;205890;291410;257730;410380;232450
380360;385770;393530;452780;493370;492800;363970;459820;402840;346900;414730
308000;50130;257510;242640;252950;243930
268420;372000;39210;407510;304030;376570;215080;495910;290140;356330;9900;258700;39120;261430;354860;99900;253490;295550;298160
307880;48700;322330;344760;290080;48720;263540;242760;248390;346110;252490;251570;299740;430440;391730;474750;314700
238320;214490;57300;239160;268050;282140;354140;388090;388870;218640;319510;486360
70;220;290930;362890;283390;13520;17300
392050;6000;261640;208200;236370;6060;49540
264140;326410;248390;364420;294100;105600;211820;252470;280520;3920
297810;304050;374040;280790;317470;237870;263540;361800;290080;346110
320300;234630;310560;367450;4000;289950;241560;313010;284160;220260
504490;65930;273350;21690;261640;224600;221040;104900;49540
410380;316010;255420;213850;205890;397060;256410;257730;436150;232450
22330;72850;367500;22370;306130;22380;22300;40390;242640;204030;40300;249230
405310;206420;249130;332310;438640;313690;285160;214510;32440;267530;331670;397460;200170
237870;105600;211820;346110;304050;251570;344760;264710;383120;374040;280790;297810;227680;268650;285920;238240;253250
41070;410320;8980;99810;261640;49520;49540;341800;427730
338170;350280;434250;282440
98200;243970;238910;289130;276810;268870
50300;50130;108710;10180;271590;204100;311340;12120
313010;255710;227300;313160;233450;245620;57690;239820;428690;375910;47890;282560;23490;232890;220260;48240;310470;246620;47410;24010;304730;245470;344850;423580;262280;230190;320300;39680;24780;354640;289950;2700;247020;273770;336510;289930;313990
375900;245490;11020;232910;44350;252950;223670;255220
411370;388750;245170;45760;310950;376300
261430;372000;389430;442080;39210;109600;438040;304030;9900;39120;376570;495910;207230;24200;290140;268420;258700;212500;356330;253490;295550
221680;
206190;205230;314660;238460;365450;214560
354640;47410;232890;313010;336510;105450;39680;221380
477290;257510;4000;299740;282070;387290;474750;105600;211820
289090;367450;4000;363970;387990;220260
205950;257510;416270;298600;17410
332070;442080;109600;380600;39120;258700;212500;356330;407530;99900;295550
246420;3590;236110;302270;102600;201790;296490;351470;357780;299260;485220;369000
204450;337000;261640;265630;201810;22380;233270
251150;359870;292120;377840;294860;297000;405900;39140;256290;340170;345350;282900;353270;23310;281640;292140;39150;372360;351710;253940;460120;265610
12200;213670;223470;12120;257510;288470;225540;332310;204030;301910;221260
70400;262280;265610;351710;282900;346900;387340
233270;337000;238010;49520;204450;261640;204630;17300;8980;377160
298520;312530;342200;370770
364690;268750;387290;250760;239350;364420;283640
268750;322330;219740;248820;298630;467960;434650;200210;428430;364690;239350;234390;105600;364420;211820;280520;314410
275470;257510;282140;346010
247950;204360;258970;278080;32800;249990;200710;225640;345180
376300;310950;45760;411370;242700;388750;307780;245170
512470;311310;242050;326410;390670;304030;252470;338540
361190;247020;363970;427730;384190;220260;433340;346010
286120;378720;242640;289130;276810;236690;281640
271570;261640;394510;249990;35700;252950;35720;238460;204300
212500;442080;39210;109600;438040;306130;9900;39120;376570;24200;215280;261430;332070;258700;290140;304030;99900;295550
214190;301520;386360;113400;230410;310380;242720;293540
366220;346110;252490;427520;393420;344760;290080;374040;332500;361800;280790;248390;317470;287920
214360;65800;221540;236110;210770;302270;201790
434610;221540;245370;275670;496300
331670;200170;405310;204360;214510;32440;397460;428690;296470
347830;282900;353270;265610;351710;377840;359870;387340;460120
32430;208580;32370;302510;6020;257510;6000;243930
366440;4920;570;245370;730;339280;261640;394230;8980
4920;310380;204880;209080;290790;366440;273350;6000;107410;222880;359550;730;240;104900;500;271240;265590
222730;473520;230190;232810;284950;360640;342580;467370
12220;271590;234140;12210;50130;113400;202170;9480;292410;12120;318220;307690;8190;301910;225540;24740
281640;321960;286120;237990;230230;251150;297000;226840;23310
306760;210970;219890;258520;292620;487220;453980;447850;339470
267550;208650;209000;200260;242640;115320;249130;35140;206420
220440;329050;235460;281690;243930
299740;252490;304930;221100;295110;251570;393420;437220;224540;241540;250400;226700;355840;246620;407530;278970;108600;424830;307880;477290;337950;335330;327070;239840;329430;394690;316390;314700;257170;287920
268870;243970;222750;233250;98200;346940;300550;15620;20570;234650;240760;265590
284160;227300;270880;234630;265930;263280;244210;346010;20500;24010;310560;320300;313160;220260;333950;252530;24740;9930
32800;241930;235540;302510;449800;247950;102500;200710;7520;243930;238960;225640;115320
354860;317470;268420;387290;253250;433340;211820
284950;367450;222730;262410;239030;346010
292140;39210;351970;292120;340170;345350;17460;39140;372360;39150;251150;359870;377840
238910;339400;98200;243970;289130;226620;378720;327670
257830;
473650;257510;730;384490;204360;252950;220260;433340
234330;339800;329110
17480;9450;4570;4580;105450;221380;251060;40100;9420;267980
328500;250760
115320;388410;267550;32800;242640;265550;239140;241930;449800;329430;360170;307690
307350;252950;242640;251060;730;211820
292370;335670
352460;239140;232090;238430;224260;427730;251170
298240;227700;326460;242720;214420;203290;730;218230;227940;391460;262410
250760;257850;40800;364690;328500;250180;314710
237990;281640;300550;240760
405950;257510;210970;225080;35720;239030
289950;282560;320300;222750;313120;313160;383120;324310;294100;313010;387990;220260;333950;491250
398710;261180;463180
15700;48000;314660;316790;388420
296050;265610;262060
24980;287700;203160;208580;204100;264240;17460;311340;292120;243930;32370;65930;237850
430440;263540;314700;290080;307880;327070;48700;333950;48720;287920
7520;374320;236430;241930;335300;211420;265300;102500;388410;243930;32800;40390;306130;242640;40300;249230;367500;225640
2700;255710;47890;282560;304730;294100;233450;57690;313010;24780
369040;265590;248610;113020;298630;270150;220260
225080;35720;405950;257510;243930;416170;35700;486820;444480
317820;378720;293260;262060
227680;211820;244850;383120;252470;237870;275850;374040;346110;238240;268650;24720;314700
327030;312530;200170;49520;326460;385240;233840
250180;274190;312990;250760;201570;319180;285840
341800;41070;249990;42910;252950;32440;422100
65930;29800;504490;287700;17460;311340;6060;24980;236870;235600
391730;298630;280790;238240;248390;307880;346110;105600;280520;211820
345220;291410;276810
212070;310380;314160;339600;228400;8500;113400;9900;261640;230410;359320
293180;
362610;244210;252950;207140
378720;226840;289130;203630;266510;286120;238910;317820;232050;8930;276810;293260;226860;290340;289520
339160;339800
70100;365450
39150;359870;292120;377840;39140;266510;292140;372360;251150;23310;253940
99900;372000;238960;407510;226320;239220;9900;258700;268420;339280;39120;332070;212500
383030;363970;314700;385770;265610;343100;438040
245370;244160;363680;281610;298050;204880;339600;252450;280220;32470;386070;424830;434610;366440;281990;261470;449140;267980;313990;270370
332800;282140;354140;57300;319510;388090;274290
447880;432150;368900;416270;397620;431270;410590
115300;42700;202970;10090;209160;10180;223100;222880;286940;730;7940
459820;346900;383080;393530;452780;402840;493370;339800;462930;466170;426000;380360;414730
294020;3920;2870;404410;326410;375460;39680
272470;238960;235540;219990;258970;200710;325600;345180;215530;243930;225640;400170;344750
237850;319630;330830;346940;330840;237930;376870;232790;429570;228300;257510;243930;261030;24980;334120
292620;257510;306760;367450;282070;322500
233720;248570;367450;4000;427730;246900
12810;213670;238370;11450;262280;285160;367500;242640;204030;40300;249230;12710;243930
268650;311310;333950;237870;383120;374040;244850;227680;387990;253250
362890;311210;220;290930;70;379720;283390;13520;17300
24780;255710;57690;282560;23490;304730;313010;2700;39680;233450;245620;48240
319180;730;311690;252950;250180
365450;70100;206190
214560;329380;242640;282070;314660;206190;211400
388090;282140;354140;238320;332800;57300;319510;274290
370090;378120;252950;375960
271860;49600
313340;413150;384190;220260
500;550;218620;273350;24240;10;359550;232090;1250;238430;236370;209080;4920;316390;10090;355180;730;291480;304930;433350;224260;202970
224060;213670;208090;301910;233130;223470;249130;449800;209000
306020;201790;444640;3590;389570;236110;305260;302270;210770
280520;105600;211820;298630;248390;264140;268750;391730;238240;294100;346110;251570
285160;238370;249130;332310;42910;438640;11450;313690;405310;12810;214510;32440;267530;12710
360640;222750;342580;222730;282070;276810;220260;236690;255710
40100;233250;290790;318020;386070;17480;222750;105450;9450;4570;9420;4580
233290;110800;350640;258520
42960;394360;236850;203770;310470;245470;245620;34030;4700;25890;10500;392470
360650;222750;276810;341310;220260
242640;292030;72850;236430;241930;243470;391220;208650;367500;205100;20920;236870;289650;335300;211420;20900;265300;249230;242050;102500;238370;311340;239160;368500;203140;235600;208480;200260;302510;29800;388410;33230;17450;243930;204030;35140;2400;516230;400370;311560;11450;424830;308000;22330;286120;267550;115320;307350;7520;12810;214560;201870;15100;48190;449220;243950;12710;272890;40390;344750;371390;40300;454930;457940;102600;504980;486340
232810;230190;222730;24720;17390
370770;312530;346120;312990;730;298520;326460;274190;211820
413420;413410
321150;306410
338180;208090;341940;67370;271290;355180
223830;268500;200510;300550;240760
301750;422250
474750;477290;282070;292030;290080;307880;357900
51100;272350;291480;227940;218230;369200;342200;391460;253710;203290;355840;355180;286940;304930;293540;209870;382850
32440;620;249130;332310;438640;313690;405310;331670;341800;285160;214510;267530;397460;200170
436150;257730;397060;410380
277950;407510;427270;339280;386360;246280;390670;207230;235340;482920;368750;290730;336520
296490;204530;246420;102600;496300;201790;299260
351470;265610;246420;363970
42700;311210;10090;223100;350080;115300;273110;209160;10180;355180;286940;730;433350;291480;391460;7940
306350;24740;234630;310560;44350;252950;223670;207140
262410;284950;209870;225840;203290;298240;730;227940;4000;253710;220260;433350
491250;247020;289950;363970;251060;427730;252950;384190;220260;433340;346010
319150;230410;273110;226700;104900;70000;221040;227700;355180;222480
249990;258970;394510;65800;113020;35720;42910;239070;247950;271570;341800;204360;291550
3590;285010;473520;246420;306020;218680;297020;467370
388870;238320;239140;67370
10180;291480;209650;223100;50300;115300;42700;202970;10090;209160;34870;222880;730;7940;240
247020;361190;491250;222750;239820;282070;294100;394310;313010;220260;346900;428690;473630;485220
312780;278080;48720;102500;372360;20920;17450;340170;345350;9480;322520
314710;250760;211400
413410;413420;350640;335670
397460;331670;200170;405310;204360;42910;214510;32440;296470
383560;221100;257510;433340;383120;275850;242760;387990;252490;211820
338540;390670;236390;251060;227940;512470
25890;394360;236850;231430;203770;42960;310470;34030;392470
357280;364420;282070;387290;40800;322170;211820
343100;311690;394310;339400;383030;242680;247080;344750;280320
290340;293260;247000;378720;213850;289130;226840;289520
342580;360640;222750;222730;282070;226620;220260
487220;257510;306760;367450;384490;282070;220260;428690
91700;337000;238010
283390;362890;7670;70;379720;220
214510;249130;332310;438640;313690;405310;331670;285160;32440;397460;267530
218680;3590;47890;261570
273770;304730;239820;313010;255710
24720;17390;404410;230190;232810;383120;275850;359320;227680;211820;332310
215530;49520;238960;219990;258970;239220;200710;272470;225640;345180;400170
427780;226620;239030
232910;223670;391040;245490;408760;375900;11020;212480;44350;252950
414920;42910;312530;242550;274190;207140
218640;341940;268050;57300;238320;449800
264200;248570;45760;424280;281690;40800
228300;337000;292120;237930;238010;237850;243930;17410
388420;15700;48000
335330;301520;224540;299360;302830;214420;250340;355840;337950;252490;299740;393420;304930
316790;15700;304240;314660;334120;388210
438680;444640;239220;236110;570;305260;302270;427270
271240;375910;48240;290790;262280;4920;386070;310470
441830;351710;292120;359870;351970;377840;282900
64000;394360;231430;244450;251060;34030;222750;447820
275670;434610;221540;204530;210770;299260
209870;230410;311210;209650;271290;208090;369200;342200;262410;730;218230;51100;272350;286940;291480
19900;220240;371660;2400;322920;223100;34870;17300;13520;252490;377160;304930
449680;383080;473640;463180
327070;361800;430440;344760;263540;299740;314700;290080;304030;287920
449630;335240
356330;372000;442080;306130;304030;39120;215080;263540;290140;268420;261430;332070;258700;109600;253490
449220;242640;257510;730;384490;251060;252950;220260
473640;449680;252410;252950
281690;349040;329050;331600;418340;234670;278080;235460;220440;264200;411830;7510;322520
336510;47410;354640;105450;221380;310470;313010;39680;232890
222480;304240;301640;221040;287290;339340;21690;254700;319150;268050;232090
285920;244850;346010;333950;387990;214420;237870;383120;301520;313990
252410;473640;241600;236090;387290
314660;205230;329380;206190;15700;214560;316790;356200
453980;257510;306760;367450;384490;282070;220260;428690
235340;570;386360;236110;438040;427270;207230;339280;246280;277950;390670;482920;290730;6370;336520
463180;449680;394310;398710
482920;506140;334230;280790;389570;246280;236110;363970;335240;393530;277950;438040;235340
49600;271860;302010
258520;383870;210970;304650;257510;215280;306760;233290;350640
382490;242680;312990;269210;274190
236090;261570;233980;256290;107100;252410;241600;387290
382850;333930;218230;391460;272350;227940;286940;227700;349700;51100;291480;202970
253490;290140;258700;261430;495910;356330;268420;207230;372000
416270;432150;205910;205950;447880;368900;397620;431270;410590
416170;225080;311340;400
230840;234190
234390;212680;219740;113200;249050;248820;268750;242680;239350
17410;400;228300;205950;238010;337000
252530;244210;313160;310560;270880;24010;284160;227300;234630;220260
345180;272470;238960;215530;200710;247950;219990;225640;400170
385240;383080;327030;428690
382300;108710;57300;282140
329110;404770;234330;257730;363970;385770;339800
372360;359870;351970;377840;39140;340170;345350;292140;39150;312780;251150
270150;318020;369040;222750;265590;393380;107410;203290;394360;730;227940;204530;248610
295550;407510;442080;258700;290140;212500;261430;109600;39120;332070;268420;304030
253650;413150;384190;220260;375950
239840;240760;329430;299740;108600;257170;241540;365360;233740
387290;260230;382120;261570;256290;283640;477290;364690;354860;357280;252410;236090;268240;211400;486820;271640;397700;391740
347430;306410
267530;249130;332310;438640;313690;405310;285160;32440;214510
268240;35700;387290;238460;105600;211820
239450;312530;252950;312990;207140
441870;204630
366760;378120;407120;407250;252950
422100;244210;341800
329430;234140;265550;241540;360170;108600;115320;239840;250400;299740;221100;239140;304930;257170
257730;316010;255420;213850;293260;205890;516230;397060;291410;266510;256410;410380;436150;329110;232450;336520
357780;236110;246420
299260;210770;246420;296490;275670;102600;201790
243950;17450;323470;242640;72850;276810
424280;291550;237110;248570;264200;307780;94400;245170;346120
12710;11450;262280;12810;285160;288470;243930;242640;102600;201790
317470;346110;304050;301520;290080;374040;335240;280790;506140;361800;263540;246280;297810;354860;366220;105600;211820;314700;293540
361280;239820;356040;233450;294100;394310;346900
375460;294020;363970;326410;341310;385770;39680
201570;250180;285840
429280;339800
3920;311310;326410;294020;40390;242050;264140
363620;426000;428690
417910;394310;261180;252950;94400;240460
394690;385830;431240;334230;49520;113400;299740;376570;221100;48720;428690
331470;391540;339800;417860
221540;214360;434610;275670;65800;236110;210770;302270
449140;339600;363680;383120;245370;301520;252470;386070;47410
272890;431240;242640;252950;236690
384190;433340;361190;313340;491250;253650;257510;447850;375950;473630;339470
48190;236870;289650;242050;368500;208480;302510;33230;311560;242640;241930;15100;201870
40390;374320;292030;236430;241930;335300;211420;265300;249230;102500;22330;7520;3920;20900;367500;242640;40300;243930
400170;238960;243930;272470;345180;215530;200710;219990
403740;383080;460120
319510;354140;332800;388090;268050;57300;238320;274290
344750;266510;242640;272470;343100;243930;219990
327410;417860;335670;280320
355180;550;311210;239140;235540;232090;1250;273110;238430;302830;225840;10090;301640;349700;259080;286940;317400;265630;391460;224260;383150;433350;500;338180;51100;42700;319150;316390;304930;270370;49540
484950;341310;340650
289930;304730;239820;313010;255710
397980;219150;274170;40800;379720
447850;257510;306760;384490;204360;282070;384190;220260;433340;428690
356040;427520;294100;282070;394310;496300;298630;423580;361280;233740;108600;403190;241540;435530;280320
267980;17480;9450;32470;245370;4570;4580;244160
492800;363970;346900;383080;385770;393530;452780;402840;493370;380360;414730
351710;294860;405900;251990;282900;70400;347830;441830;353270;251150;377840;359870;387340;460120
435530;356040;233740;282070;211400;207610;378100;486360
371390;257510;730;242640;251060;252950;211820
375950;253650;413150;384190;220260
289520;378720;226840;232050;289130;290340
473630;247020;363970;427730;384190;220260;433340;346010
204530;280220;296490;275670;248610;270150
324310;313160;263280;289950;244210;234630;227300;44350;220260;9930
368900;432150;205910;447880;416270;397620;431270
232450;404770;205890;316010;291410;256410;257730;410380
368750;8500;233250;9900;389430;230410;265590;277950;208140
422250;301750
24740;241560;44350;244210;255220;47870;292410;306350;252950;284160;12220;9930
265590;369040;270150;368750;222750;268870;730;32470;20570;15620;4920;238240;332500
6000;244160;208580;32370;6060;236370;32470;6020;392050;32430;4920;730;218230;24960
13520;287700;220240;286690;287390;19900;17300;362890;7670;70;379720
33350;242920;233450;105450;221380;245620;496460;255710
242550;207140;204360;238460;204300;312530;312990;414920;252950
356200;314660;238460;211820
447820;393380;107410;300;64000;222880;244450;242860;35450
40300;374320;292030;72850;236430;241930;367500;335300;211420;306130;265300;249230;102500;288470;204030;22330;7520;12810;40390;242640;243930
261470;281990;233250;204880;280220;245370;2870;226860;65980;2820;9420
485220;247020;265610;246420;363970;427730;730;334230;326460;346010
387340;426000;282900;70400;347830;351710;353270;411830;460120;7510
209160;209650;115300;42700;10180;202970;203290;222880;730;24960;291480;7940
219890;210970;306760;257510
378100;282140;242760;251570;435530
9200;377160;261640;49520;234140;22370;8980;22380;22300;316390;224600;355840;550;304930;43110;99810
211400;282070;314710;435530;260230;214560;387290;48000;233740
307070;278460
216890;363680;236690;15620;247000;276810;293260;364360;242570
420110;
454930;257510;242640;282070;252950;211820;243930
221260;213670;221910;400;12200;214340;335670
290730;222750;389430;339280;277950;47410;438040;235340
234190;298600;230840;243970
365360;239840;276810;373420
20570;363680;56437;15620;9450;4570;4580;268870;265590;222750;55150;242570
238240;105600;211820;244850;383120;332500;252470;227680;391730;280520;265590;237870;329130
316390;365590;304930;221100;224600;226700;302830;225840;355840;265630;391460;224260;433350;500;355180;9200;349700;299740;337950
242680;311690;269210;343100;382490;234390;247080;248820;113200
201870;236870;289650;242050;368500;208480;33230;311560;242640;48190;241930;15100
427730;389570;2400;361190;233720;491250;473630;485220;41070;261640;4000;265630;620;387990;352460
314410;204360;311690;248820;384490;269210;239070;434650;268750;364420
302010;49600;311690
334120;237850;316790;232790
320150;
410590;432150;447880;416270;397620;431270
7510;411830;243930;281690;345350;387340
8600;391040;286570;244210;234630;310560;44350;226580;223670;255220
255260;322850;394310;378120;252950;220260
3910;8930;236850;226860;208140;4700;65980;34030;392470
23310;292120;321960;39140;251150;281640;39150;265610;351970;405900;377840
341310;360650;375460;484950;278460
314700;48700;344760;290080;280790;333950;430440;383030;327070;317470;263540;227680;299740;307880;346110;251570
38400;39140;240760
35700;620;382120;35720;271570;268240;225080;238460;397700
200170;331670;327030;397460;405310;233840;252950;276810;293260;32440;296470
202970;218620;24240;209650;210770;223100;115300;10180;209160;272350;382850;236370;232090;730;218230;24960;500;49540;291480
257170;239840;233740;299740;108600;329430;252470
287920;389430;304030;407530;263540;430440;327070;280790;366220;299740;290080;252490;39120;355840;337950
7940;209650;115300;10180;42700;223100;730;24960;240;209160
108710;268050;50300;382300;57300
431270;432150;447880;416270;368900;410590;397620
242570;363680;236690;216890;15620;4570;20570
337950;304930;221100;295110;227700;333930;437220;224600;226700;355840;349700;407530;286940;433350;299740;335330;316390;287920
4780;203770;201270;375450;4700;4760;10500;34030;310470;8930;325610
17300;311210;337000;223100;238010;233270;19900;13520;220;70;362890;10680
392470;25890;3910;394360;34030;236850;310470;203770;42960
285840;250180;201570
457940;242640;257510;730;384490;204360;251060;252950;220260
253940;39140;353270;39150;346940;251150;359870;278460
486360;257510;238320;282140;252950;242760;251570;435530
460120;294860;251990;282900;347830;403740;351710;387340;353270;251150
473620;257510;730;384490;204360;252950;220260;433340
367450;346010;285010;473520;320300;289090;284950;292620;233720;487220;453980;4000;220200;387990;333950;467370
39680;245620;23490;310470;245470;313010;354640;294020;24780;336510;375460;57690;203770;242920
335670;391540;292370;327410;282070;413410;214340;221260;340650
6370;386360;570;246280;339280;207230;310380;427270;235340
102600;201790;29800;246420;296490;299260;12710;65800;210770;242640;236110;302270;427270
15100;236870;289650;242050;368500;208480;33230;311560;242640;48190;201870;241930
225640;219990;200710;102500;247950;32800;272470;215530;345180;7520
9420;233250;290790;9450;386070;17480;40100;204880;32470;261470;281990
504980;49520;257510;261640;242640;730;252950;211820;243930
306410;321150;347430
2600;304240
232050;226840;289130;203630;378720;289520;228260;276810
313990;257510;252950;251060;285920;245370;301520;313010;730;214420;293540
296470;252950;312530;42910;331670;397460;200170;261180;4000;204360;245490;207140
322920;220240;371660;274940;104900;70000;407530;253710;19900;346110
457930;257510;730;384490;204360;252950;220260;433340
486820;257510;260230;225080;387290;261570
265610;213670;405900;282900;70400;347830;296050;383030;351470;485220;23310;353270;251150;278460;377840;233840;369000
226620;339400;266510;238910;342580;427780;262060;327670
297020;3590
239350;250900;212680;113200;249050;248820;241600;384490;269210;428430;364690;268750;234390;364420
364420;212680;249050;248820;241600;384490;269210;467960;434650;200210;428430;264140;364690;268750;357280;314410;239350;105600
388750;411370;376300;45760;310950;245170
233840;200170;265610;236690;252950;327030;326460;276810;293260
384150;
280320;394310;413150;356040;327410;343100
201310;290300;2870;236150;359320;2820
388210;316790
357900;222750;282070;257510;474750;220260;417860
267920;410320;271290;342200
486340;242640;257510;730;384490;204360;251060;252950;220260;433340
208200;379720;67370;392050;232090;49540
318430;48000
327670;339800;226620;238910
397620;432150;205910;447880;416270;368900;410590;431270
414730;385770;393530;452780;402840;380360;492800;363970;493370;459820;462930;346900;383080
9930;270880;241560;234630;44350;223670;244210;255220;47870;244930;310560;286570;226580;292410;324310;24740;271590;284160;263280;11020
34870;218620;63380;24240;220240;238090;235600;223100;10180;19900;730;212630
99810;49520;394230;8980;223470;233130;41070;9200;261640;246900
467370;3590;367450;222730;339800;239030;346010
274290;282070;388090;239030;332800;319510
212630;218620;63380;272350;235600;238090;34870;203140;311340;243470
11020;245490;375900;232910;113400;271590;252950;9930;47870
203750;337000;238010;311210;257510;55150
10680;273350;220240;371660;201810;274940;214490;350080;253710;287390;67370;17300;232090;49540
214340;239030;232790;421050;400;221260;335670
444480;225080;35720;238460
293540;301520;272350;227700;224600;271290;259080;342200;242720;214420;214190;51100;313990;280790;317470;304930
339470;257510;306760;384490;204360;282070;384190;220260;433340;428690
322520;278080;329050;102500;323470;281690;243930;345350;48720;312780
411830;272510;349040;331600;418340;234670;311730;385730;449800;281690;387340;7510
496460;33350;242920;233450;232890
340650;335670;484950
251170;239140;352460;550;238430;224260
271640;241600;387290;283640
2820;281990;359320;2870;290300;8500;236150;261470;201310
346120;335240;370770;389570;363970;208090;312990;424280
397700;35700;387290;238460;105600;211820
407120;378120;407250;375960;366760;252950
407750;393530
233740;394310;496300;356040;435530;257170;282070;239840;211400
212480;252950;44350;232910;255220;207140
248610;280220;369040;204530;222750;233450;298630;270150
246900;99810;233720;4000;261640;387990;49540
314970;291410;236690;276810;293260
391740;387290;298600
261180;252950;207140;307780;310950;291550;45760;312530;237110;245170;385730;94400;383980;398710;417910;296470
204240;48000
270370;222750;245370;355180;32470;265630;225840;339280
55150;56437;15620;9450;4580;20570;203750;363680
298160;442080;304050;268420;39120;263540;215080;109600;304030;438040
253250;413150;248390;354860;268650;374040;237870;403190
350640;110800;233290;413410;258520
329130;383120;294100;220200;238240;403190;211820
369000;265610;246420;363970
353270;213670;282900;449800;251150;347830;351710;387340;253940;460120;265610
204630;233270;441870;219150;274170
258700;372000;389430;442080;39210;109600;407510;304030;376570;215080;495910;207230;290140;268420;261430;332070;212500;99900;356330;253490;295550;39120
49540;261640;273350;235540;214490;410320;236370;67370;392050;504490;41070;202970;208200;10680;246900;355180;232090
238750;251730;276810;373420
336520;386360;257730;215080;339280;277950;235340;427270
305260;444640;300080;306020;438680;222750;238090;252950;236110;394360;730;227940;390670;231430